datetime,temp,feelslike,dew,humidity,precip,precipprob,preciptype,snow,snowdepth,windgust,windspeed,winddir,sealevelpressure,cloudcover,visibility,solarradiation,solarenergy,uvindex,severerisk,conditions
2021-12-01T00:00:00,35.1,35.1,22.9,60.88,0,0,,0,0,,0,0,1018.4,92.3,9.9,,,,,Overcast
2021-12-01T01:00:00,35.8,35.8,24.1,62.16,0,0,,0,0,,0,0,1018.1,96.1,9.9,,,,,Overcast
2021-12-01T02:00:00,36,36,25,63.8,0,0,,0,0,,0.2,9,1017.9,99.2,9.9,,,,,Overcast
2021-12-01T03:00:00,37.1,37.1,26,63.87,0,0,,0,0,,0,0,1018.1,99.2,9.9,,,,,Overcast
2021-12-01T04:00:00,37.8,34.4,26.8,64.35,0,0,,0,0,,4.5,151,1016.8,100,9.9,,,,,Overcast
2021-12-01T05:00:00,38.7,33.8,30.4,71.76,0,0,,0,0,,6.7,158,1016.6,96.1,9.9,,,,,Overcast
2021-12-01T06:00:00,40.6,36.2,30.5,67.06,0,0,,0,0,,6.4,134,1015.7,100,9.9,,,,,Overcast
2021-12-01T07:00:00,40.8,36.4,31.7,69.77,0,0,,0,0,,6.5,163,1015.7,100,9.9,2,0,0,,Overcast
2021-12-01T08:00:00,41,35.9,31.7,69.41,0,0,,0,0,,7.7,155,1015.5,100,9.9,18,0.1,0,,Overcast
2021-12-01T09:00:00,42.2,37.7,33,69.45,0,0,,0,0,,7.2,170,1014.7,99.2,8.9,59,0.2,1,,Overcast
2021-12-01T10:00:00,44.1,37.5,36.8,75.35,0,0,,0,0,21.9,13.6,191,1013.3,85.6,9.9,210,0.8,2,,Partially cloudy
2021-12-01T11:00:00,45.2,39.5,38.8,78.41,0,0,,0,0,24.2,11.6,201,1012.6,100,9.9,77,0.3,1,,Overcast
2021-12-01T12:00:00,45.2,39,38.8,78.41,0,0,,0,0,20.4,12.9,209,1011.7,100,9.9,46,0.2,0,,Overcast
2021-12-01T13:00:00,45.1,39.8,38.9,78.76,0,0,,0,0,,10.3,201,1011.1,100,9.9,43,0.2,0,,Overcast
2021-12-01T14:00:00,47.1,41.5,39.8,75.72,0,0,,0,0,21.9,12.7,189,1009.6,86.2,9.9,131,0.5,1,,Partially cloudy
2021-12-01T15:00:00,47.1,42.3,39.7,75.45,0,0,,0,0,23,10.3,208,1008.7,100,9.9,50,0.2,1,,Overcast
2021-12-01T16:00:00,46.3,42.6,40.9,81.18,0,0,,0,0,,7.2,201,1009.4,94.4,8.7,20,0.1,0,,Overcast
2021-12-01T17:00:00,46.2,42.7,40.9,81.54,0,0,,0,0,,6.9,209,1009.4,92.3,9.8,1,0,0,,Overcast
2021-12-01T18:00:00,46.2,42.1,42,85.21,0,0,,0,0,,8.1,201,1009.1,92.3,8.7,,,,,Overcast
2021-12-01T19:00:00,47.8,43,43,83.39,0,0,,0,0,,11,209,1008.5,92.3,9.7,,,,,Overcast
2021-12-01T20:00:00,47.9,43.1,43,83.02,0,0,,0,0,,11.2,209,1008.2,82.3,9.8,,,,,Partially cloudy
2021-12-01T21:00:00,47.2,41.8,42.1,82.34,0,0,,0,0,25.3,12.5,219,1007.5,82.3,9.9,,,,,Partially cloudy
2021-12-01T22:00:00,48.7,43.4,41,74.43,0,0,,0,0,22.9,13.5,219,1007.1,81.8,9.9,,,,,Partially cloudy
2021-12-01T23:00:00,48,42.7,39.8,73.08,0,0,,0,0,21.9,12.7,219,1006.2,81.8,9.9,,,,,Partially cloudy
2021-12-02T00:00:00,48.9,43.1,38.8,67.98,0,0,,0,0,25.3,15.7,221,1004.9,81.8,9.9,,,,,Partially cloudy
2021-12-02T01:00:00,51.2,51.2,37.1,58.39,0,0,,0,0,31.6,17.8,231,1004.2,25.7,9.9,,,,,Partially cloudy
2021-12-02T02:00:00,50.1,50.1,37,60.63,0,0,,0,0,29.8,16,241,1003.7,81.8,9.9,,,,,Partially cloudy
2021-12-02T03:00:00,50.1,50.1,36.9,60.52,0,0,,0,0,28.3,15.7,250,1004,81.8,9.9,,,,,Partially cloudy
2021-12-02T04:00:00,49.1,43.6,36.9,62.62,0,0,,0,0,22.2,14.8,250,1004.1,92.3,9.9,,,,,Overcast
2021-12-02T05:00:00,50.1,50.1,37,60.58,0,0,,0,0,,12.5,242,1004.5,92.3,9.9,,,,,Overcast
2021-12-02T06:00:00,50.1,50.1,38.7,64.71,0,0,,0,0,,9,261,1004.9,100,9.9,,,,,Overcast
2021-12-02T07:00:00,50.1,50.1,38.8,64.99,0,0,,0,0,,8.2,241,1005.8,94.4,9.9,2,0,0,,Overcast
2021-12-02T08:00:00,50.1,50.1,39.7,67.37,0,0,,0,0,,8,251,1006.9,81.8,9.9,39,0.1,0,,Partially cloudy
2021-12-02T09:00:00,52.1,52.1,39.8,62.85,0,0,,0,0,,9.3,239,1007.5,81.8,9.9,101,0.4,1,,Partially cloudy
2021-12-02T10:00:00,55.2,55.2,39.4,55.25,0,0,,0,0,23,12.9,280,1008.4,81.8,9.9,166,0.6,2,,Partially cloudy
2021-12-02T11:00:00,57,57,34.7,42.94,0,0,,0,0,24.6,14.3,284,1008.8,81.8,9.9,149,0.5,1,,Partially cloudy
2021-12-02T12:00:00,57,57,29.3,34.46,0,0,,0,0,27.7,16.9,318,1009.3,81.8,9.9,176,0.6,2,,Partially cloudy
2021-12-02T13:00:00,57,57,23.5,27.19,0,0,,0,0,32.1,21.5,318,1009.8,81.8,9.9,240,0.9,2,,Partially cloudy
2021-12-02T14:00:00,56.9,56.9,26.8,31.29,0,0,,0,0,24.5,12.7,318,1010.7,48.2,9.9,266,1,3,,Partially cloudy
2021-12-02T15:00:00,55.2,55.2,23,28.43,0,0,,0,0,24.2,14,320,1011.6,46.1,9.9,183,0.7,2,,Partially cloudy
2021-12-02T16:00:00,53.1,53.1,21.8,29.18,0,0,,0,0,,8.2,309,1012.8,25.7,9.9,38,0.1,0,,Partially cloudy
2021-12-02T17:00:00,50,49.1,21.8,32.73,0,0,,0,0,,3.6,302,1013.7,25.7,9.9,7,0,0,,Partially cloudy
2021-12-02T18:00:00,47,45.8,22.8,38.12,0,0,,0,0,,3.6,321,1015.2,24.5,9.9,,,,,Partially cloudy
2021-12-02T19:00:00,47.1,47.1,24.7,41.21,0,0,,0,0,,0.2,358,1015.6,81.8,9.9,,,,,Partially cloudy
2021-12-02T20:00:00,47,47,24,40.29,0,0,,0,0,,0.5,353,1016.1,81.8,9.9,,,,,Partially cloudy
2021-12-02T21:00:00,45.1,41.7,25,44.99,0,0,,0,0,,6.2,359,1016,81.8,9.9,,,,,Partially cloudy
2021-12-02T22:00:00,46,44.1,26,45.32,0,0,,0,0,,4.3,32,1016.3,100,9.9,,,,,Overcast
2021-12-02T23:00:00,45,45,27.3,49.59,0,0,,0,0,,0,0,1016.9,99.2,9.9,,,,,Overcast
2021-12-03T00:00:00,45.1,42,27.5,49.79,0,0,,0,0,,5.7,34,1016.8,100,9.9,,,,,Overcast
2021-12-03T01:00:00,45.1,45.1,27.5,49.88,0,0,,0,0,,0.5,12,1016.8,100,9.9,,,,,Overcast
2021-12-03T02:00:00,44.3,40.7,29.1,55,0,0,,0,0,,6.3,352,1017.5,100,9.9,,,,,Overcast
2021-12-03T03:00:00,44.1,42.6,29.3,55.68,0,0,,0,0,,3.4,17,1017.5,100,9.9,,,,,Overcast
2021-12-03T04:00:00,44.1,42.9,30.2,57.87,0,0,,0,0,,3.1,80,1017,100,9.9,,,,,Overcast
2021-12-03T05:00:00,44.2,41.6,34.2,67.73,0,0,,0,0,,4.7,91,1016.8,100,9.9,,,,,Overcast
2021-12-03T06:00:00,44.9,42.3,35,68.13,0,0,,0,0,,4.8,99,1017.1,100,9.9,,,,,Overcast
2021-12-03T07:00:00,44.1,39.6,36.8,75.38,0,0,,0,0,,7.9,53,1017.7,96.8,9.9,2,0,0,,Overcast
2021-12-03T08:00:00,44.1,38.8,37.7,78.05,0,0,,0,0,,9.8,72,1017.7,89.5,9.9,13,0,0,,Partially cloudy
2021-12-03T09:00:00,45,41.2,38.4,77.57,0,0,,0,0,,6.9,73,1018.3,88.7,9.9,60,0.2,1,,Partially cloudy
2021-12-03T10:00:00,46.1,41.2,38.4,74.19,0,0,,0,0,,10.1,93,1017.7,85.6,9.9,156,0.6,2,,Partially cloudy
2021-12-03T11:00:00,47.8,44.5,33.4,57.35,0,0,,0,0,,7.1,88,1017.4,99.4,9.9,129,0.5,1,,Overcast
2021-12-03T12:00:00,48,44.3,34.2,58.79,0,0,,0,0,,8,89,1016.4,89.5,9.9,163,0.6,2,,Partially cloudy
2021-12-03T13:00:00,49.7,46.4,33.4,53.11,0,0,,0,0,,8.1,69,1015.2,88.7,9.9,209,0.8,2,,Partially cloudy
2021-12-03T14:00:00,48.8,45.7,33.4,54.98,0,0,,0,0,,7.1,59,1015.3,89.5,9.9,120,0.4,1,,Partially cloudy
2021-12-03T15:00:00,47.9,44.7,35.9,63,0,0,,0,0,,7,76,1016.1,89.5,9.9,95,0.3,1,,Partially cloudy
2021-12-03T16:00:00,45.3,41.5,36,69.87,0,0,,0,0,,6.9,50,1016.8,50.3,9.9,18,0.1,0,,Partially cloudy
2021-12-03T17:00:00,43.2,37.8,37,78.38,0,0,,0,0,,9.7,30,1017.3,46.1,9.9,7,0,0,,Partially cloudy
2021-12-03T18:00:00,42,37.9,36.9,81.97,0,0,,0,0,,6.5,38,1017.6,24.5,9.9,1,0,0,,Partially cloudy
2021-12-03T19:00:00,41.9,37.6,37,82.4,0,0,,0,0,,6.8,29,1018.4,24.5,9.9,,,,,Partially cloudy
2021-12-03T20:00:00,41.1,35.6,37.1,85.46,0,0,,0,0,,8.8,360,1019.6,86.3,9.9,,,,,Partially cloudy
2021-12-03T21:00:00,40,33.8,37.1,89,0,0,,0,0,,9.9,358,1020,81.8,9.9,,,,,Partially cloudy
2021-12-03T22:00:00,38.1,33.7,35,88.43,0,0,,0,0,,5.7,351,1020.5,24.5,9.6,,,,,Partially cloudy
2021-12-03T23:00:00,38,33.5,34.1,85.52,0,0,,0,0,,5.8,338,1021.2,1.4,6.8,,,,,Clear
2021-12-04T00:00:00,37.1,31.8,33.2,85.52,0,0,,0,0,,6.8,331,1021.1,23.1,6.6,,,,,Partially cloudy
2021-12-04T01:00:00,36.1,31.1,32,85.06,0,0,,0,0,,6,342,1021.4,6.9,6.6,,,,,Clear
2021-12-04T02:00:00,34.3,27.3,31,87.5,0,0,,0,0,,8.7,347,1022.3,96.3,2.8,,,,,Overcast
2021-12-04T03:00:00,33.5,27.2,30.2,87.78,0,0,,0,0,,7.1,329,1022.7,100,5,,,,,Overcast
2021-12-04T04:00:00,33.2,29.1,30,87.58,0,0,,0,0,,4.4,303,1022.9,83.9,6,,,,,Partially cloudy
2021-12-04T05:00:00,32.1,28.8,29,88.27,0,0,,0,0,,3.4,245,1023.3,29.5,6.1,,,,,Partially cloudy
2021-12-04T06:00:00,32,26.4,29,88.59,0,0,,0,0,,5.7,271,1024.1,85.6,4.9,,,,,Partially cloudy
2021-12-04T07:00:00,32,26.3,28.1,85.55,0,0,,0,0,,5.8,265,1024.9,81.8,7.9,9,0,0,,Partially cloudy
2021-12-04T08:00:00,32.1,26.4,28.2,85.48,0,0,,0,0,,5.8,273,1025.5,81.8,8.1,44,0.2,0,,Partially cloudy
2021-12-04T09:00:00,36,29.1,28.1,72.6,0,0,,0,0,,9.3,321,1026,81.8,9.9,208,0.7,2,,Partially cloudy
2021-12-04T10:00:00,38,30.6,24,56.77,0,0,,0,0,,11.3,319,1026.7,95.6,9.9,159,0.6,2,,Overcast
2021-12-04T11:00:00,40,35,18.1,40.86,0,0,,0,0,,7.1,301,1026.2,89.5,9.9,200,0.7,2,,Partially cloudy
2021-12-04T12:00:00,41.2,34.9,13.8,32.36,0,0,,0,0,18.3,10.5,311,1026.1,89.5,9.9,240,0.9,2,,Partially cloudy
2021-12-04T13:00:00,41.2,34.9,8.9,26.05,0,0,,0,0,,10.5,320,1026,89.5,9.9,183,0.7,2,,Partially cloudy
2021-12-04T14:00:00,42.3,35.6,8.2,24.16,0,0,,0,0,17.2,12.4,304,1026.4,89.5,9.9,221,0.8,2,,Partially cloudy
2021-12-04T15:00:00,42.1,35.3,8,24.13,0,0,,0,0,,12.5,318,1026.6,89.5,9.9,106,0.4,1,,Partially cloudy
2021-12-04T16:00:00,41,36.9,5,22.03,0,0,,0,0,,6,336,1026.8,89.5,9.9,56,0.2,1,,Partially cloudy
2021-12-04T17:00:00,39.7,35.6,6.9,25.21,0,0,,0,0,,5.7,309,1026.6,89.5,9.9,5,0,0,,Partially cloudy
2021-12-04T18:00:00,38.9,36.5,7.2,26.3,0,0,,0,0,,3.6,292,1026.4,90.1,9.9,1,0,0,,Overcast
2021-12-04T19:00:00,39,35.6,8.9,28.45,0,0,,0,0,,4.7,283,1026.6,100,9.9,,,,,Overcast
2021-12-04T20:00:00,38.9,38.9,8.2,27.59,0,0,,0,0,,0.6,351,1026.4,100,9.9,,,,,Overcast
2021-12-04T21:00:00,38.1,35.6,10.9,32.15,0,0,,0,0,,3.5,321,1026.1,100,9.9,,,,,Overcast
2021-12-04T22:00:00,37.3,35.1,13.5,37.23,0,0,,0,0,,3.2,7,1025.9,100,9.9,,,,,Overcast
2021-12-04T23:00:00,37.3,33.8,11.8,34.5,0,0,,0,0,,4.5,28,1025.7,100,9.9,,,,,Overcast
2021-12-05T00:00:00,38,32.5,10.1,31.13,0,0,,0,0,,7.5,57,1024.7,100,9.9,,,,,Overcast
2021-12-05T01:00:00,38,32.4,12.1,34.01,0,0,,0,0,,7.5,59,1023.6,100,9.9,,,,,Overcast
2021-12-05T02:00:00,38.1,33.6,15.4,39.22,0,0,,0,0,,5.8,99,1022.9,100,9.9,,,,,Overcast
2021-12-05T03:00:00,39,33.4,20.1,46.11,0,0,,0,0,,8.1,100,1022.3,100,9.9,,,,,Overcast
2021-12-05T04:00:00,39,32.9,21.7,49.42,0,0,,0,0,,9.1,112,1021.7,100,9.9,,,,,Overcast
2021-12-05T05:00:00,39.1,31.2,22.7,51.48,0,0,,0,0,20.8,13.4,130,1020.9,100,9.9,,,,,Overcast
2021-12-05T06:00:00,38.2,29.9,20.9,49.54,0,0,,0,0,24.2,13.9,120,1019.2,100,9.9,,,,,Overcast
2021-12-05T07:00:00,39,29.3,18.8,43.79,0,0,,0,0,27.5,19.3,121,1017.5,100,9.9,1,0,0,,Overcast
2021-12-05T08:00:00,39,30.6,15.1,37.2,0,0,,0,0,28.8,15.2,121,1016.4,100,9.9,9,0,0,,Overcast
2021-12-05T09:00:00,37.3,27.6,17.9,45.07,0,0,,0,0,25.1,17.5,139,1015.1,100,8.7,15,0.1,0,,Overcast
2021-12-05T10:00:00,36.2,28.7,23.8,60.45,0.017,100,rain,0,0,20.8,10.3,121,1014.2,100,9.9,23,0.1,0,,"Rain, Overcast"
2021-12-05T11:00:00,36.1,26.7,26.7,68.33,0.004,100,rain,0,0,21.9,15.4,131,1011.2,100,8.3,25,0.1,0,,"Rain, Overcast"
2021-12-05T12:00:00,35.2,27.6,29.1,78.2,0.018,100,"rain,snow",0,0,23,10,150,1010,100,6.7,24,0.1,0,,"Snow, Rain, Overcast"
2021-12-05T13:00:00,35.2,29.1,30.9,84.21,0.066,100,"rain,snow",0,0,,7.3,150,1007.6,100,5.3,27,0.1,0,,"Snow, Rain, Overcast"
2021-12-05T14:00:00,36,29.7,33.1,89.19,0,0,,0,0,,8.1,159,1005.7,100,2.5,25,0.1,0,,Overcast
2021-12-05T15:00:00,37.1,32.3,34.1,88.68,0.016,100,rain,0,0,18.3,6,195,1004.8,100,1.4,14,0.1,0,,"Rain, Overcast"
2021-12-05T16:00:00,38.1,34.3,35.1,88.89,0.069,100,rain,0,0,,4.9,152,1003.6,100,1.5,8,0,0,,"Rain, Overcast"
2021-12-05T17:00:00,38.1,36,36,91.95,0.036,100,rain,0,0,,3.2,197,1003.5,100,1.3,2,0,0,,"Rain, Overcast"
2021-12-05T18:00:00,39,39,36.1,89.46,0.011,100,rain,0,0,,0.2,351,1003.2,100,1.3,,,,,"Rain, Overcast"
2021-12-05T19:00:00,39,35.7,37.2,92.97,0.011,100,rain,0,0,,4.6,258,1003.4,100,2,,,,,"Rain, Overcast"
2021-12-05T20:00:00,41.1,36.5,38.1,88.98,0,0,,0,0,,6.9,253,1002.8,100,6.8,,,,,Overcast
2021-12-05T21:00:00,41.1,33.9,38,88.59,0,0,,0,0,22.1,13.1,280,1004.6,100,8.7,,,,,Overcast
2021-12-05T22:00:00,39.9,33.7,36,85.82,0,0,,0,0,,9.5,290,1004.7,100,8.2,,,,,Overcast
2021-12-05T23:00:00,38.2,32.4,34.1,85.13,0,0,,0,0,,7.9,279,1004.7,78.6,8.8,,,,,Partially cloudy
2021-12-06T00:00:00,37.2,31.9,33.2,85.06,0,0,,0,0,,6.9,270,1004.7,91.2,9.8,,,,,Overcast
2021-12-06T01:00:00,38,29.9,32,78.59,0,0,,0,0,23,13.3,288,1004,81.8,9.8,,,,,Partially cloudy
2021-12-06T02:00:00,37.1,28.1,29.9,74.97,0,0,,0,0,25.3,15.3,280,1005.5,83.9,9.9,,,,,Partially cloudy
2021-12-06T03:00:00,35.2,24.3,26.6,70.68,0,0,,0,0,27.3,19.5,279,1006.6,85.6,9.9,,,,,Partially cloudy
2021-12-06T04:00:00,34.1,23.1,22.8,62.88,0,0,,0,0,31.6,19,271,1007.4,89.5,9.9,,,,,Partially cloudy
2021-12-06T05:00:00,33.2,22.3,21.5,61.63,0,0,,0,0,30,17.7,281,1008.4,99.4,9.9,,,,,Overcast
2021-12-06T06:00:00,33.2,22.4,19.9,57.68,0,0,,0,0,31.6,17.3,272,1008.9,100,9.9,,,,,Overcast
2021-12-06T07:00:00,33.2,21.6,20.7,59.64,0,0,,0,0,34.5,20.2,270,1009.7,99.4,9.9,1,0,0,,Overcast
2021-12-06T08:00:00,33.2,20.8,19.9,57.82,0,0,,0,0,34.9,22.7,289,1010.5,100,9.9,19,0.1,0,,Overcast
2021-12-06T09:00:00,32.1,20.6,19.9,60.22,0,0,,0,0,36.7,18.6,271,1012,100,9.9,39,0.1,0,,Overcast
2021-12-06T10:00:00,32,19.3,19,58.27,0,0,,0,0,35.6,22.5,280,1013.5,100,9.9,101,0.4,1,,Overcast
2021-12-06T11:00:00,32.1,20.8,17.1,53.5,0,0,,0,0,38.1,17.5,280,1014.2,89.5,9.9,172,0.6,2,,Partially cloudy
2021-12-06T12:00:00,34.2,22.8,17.1,49.21,0,0,,0,0,38.2,20.1,289,1014.3,26.6,9.9,212,0.8,2,,Partially cloudy
2021-12-06T13:00:00,35.2,23.5,17.7,48.49,0,0,,0,0,38.4,22.9,279,1014.8,24.5,9.9,230,0.8,2,,Partially cloudy
2021-12-06T14:00:00,31,18.5,15.2,51.51,0,0,,0,0,36.4,21,271,1016,51.9,9.9,170,0.6,2,,Partially cloudy
2021-12-06T15:00:00,28.3,15.5,12.7,51.62,0,0,,0,0,36.7,18.6,290,1017.8,53,9.9,106,0.4,1,,Partially cloudy
2021-12-06T16:00:00,28.1,14,7,40.13,0,0,,0,0,34.8,23.2,281,1019.2,24.5,9.9,57,0.2,1,,Partially cloudy
2021-12-06T17:00:00,26.1,12.8,2.8,36.16,0,0,,0,0,32.2,18.4,289,1020.5,1.4,9.9,7,0,0,,Clear
2021-12-06T18:00:00,24.1,12.2,1,36.03,0,0,,0,0,29.5,13.3,289,1021.6,1.4,9.9,,,,,Clear
2021-12-06T19:00:00,21.8,7.5,-0.8,36.46,0,0,,0,0,29.3,17.7,297,1022.9,0,9.9,,,,,Clear
2021-12-06T20:00:00,20,6.7,-1.1,38.88,0,0,,0,0,26.7,13.8,289,1023.7,23.1,9.9,,,,,Partially cloudy
2021-12-06T21:00:00,19,5.5,-1.1,40.59,0,0,,0,0,23.2,13.7,299,1024.2,24.5,9.9,,,,,Partially cloudy
2021-12-06T22:00:00,17.1,4.5,-1.2,43.87,0,0,,0,0,21.9,11.2,300,1024.7,24.5,9.9,,,,,Partially cloudy
2021-12-06T23:00:00,16.1,4.4,-1.1,46.01,0,0,,0,0,,9.3,281,1025.8,1.4,9.9,,,,,Clear
2021-12-07T00:00:00,15.2,2.1,-2,45.76,0,0,,0,0,18.3,11.2,309,1025.4,0,9.9,,,,,Clear
2021-12-07T01:00:00,15.1,4.9,-1,48.26,0,0,,0,0,,7.3,289,1026.4,0,9.9,,,,,Clear
2021-12-07T02:00:00,14,2,-1,50.73,0,0,,0,0,,9.1,300,1026.5,1.4,9.9,,,,,Clear
2021-12-07T03:00:00,13.8,4.6,-1,51.07,0,0,,0,0,,5.9,290,1026.8,1.4,9.9,,,,,Clear
2021-12-07T04:00:00,12.8,3.5,-0.1,55.66,0,0,,0,0,,5.9,309,1026,48.2,9.9,,,,,Partially cloudy
2021-12-07T05:00:00,13.8,4.7,-0.1,53.16,0,0,,0,0,,5.9,292,1026.3,92.3,9.9,,,,,Overcast
2021-12-07T06:00:00,13.9,13.9,0.8,55.21,0,0,,0,0,,0.6,347,1026.3,92.3,9.9,,,,,Overcast
2021-12-07T07:00:00,13.9,13.9,0.8,55.39,0,0,,0,0,,0,0,1025.4,96.1,9.9,2,0,0,,Overcast
2021-12-07T08:00:00,15.9,7.4,1.7,52.95,0,0,,0,0,,5.7,238,1026,100,9.9,17,0.1,0,,Overcast
2021-12-07T09:00:00,16,10.3,1,50.93,0,0,,0,0,,3.5,235,1026.4,98.4,9.9,90,0.3,1,,Overcast
2021-12-07T10:00:00,18.9,11.9,0.9,44.71,0,0,,0,0,,4.8,218,1026.3,93.3,9.9,155,0.6,2,,Overcast
2021-12-07T11:00:00,20,20,-0.9,39.36,0,0,,0,0,,0.6,349,1025.6,98.9,9.9,163,0.6,2,,Overcast
2021-12-07T12:00:00,20.9,14.5,-1.1,37.4,0,0,,0,0,,4.7,203,1024.6,99.7,9.9,205,0.7,2,,Overcast
2021-12-07T13:00:00,21.8,14.2,-2.2,34.1,0,0,,0,0,,5.9,192,1023.7,100,9.9,190,0.7,2,,Overcast
2021-12-07T14:00:00,22.9,16.4,0.7,37.46,0,0,,0,0,,5,202,1023,99.4,9.9,165,0.6,2,,Overcast
2021-12-07T15:00:00,24,15.2,1.8,37.51,0,0,,0,0,,8,204,1022.9,99.4,9.9,81,0.3,1,,Overcast
2021-12-07T16:00:00,22.9,13.1,4.7,44.9,0,0,,0,0,,9,207,1022.3,100,9.9,30,0.1,0,,Overcast
2021-12-07T17:00:00,23,12.9,3.2,41.78,0,0,,0,0,,9.4,169,1021.1,90.1,9.9,2,0,0,,Overcast
2021-12-07T18:00:00,23,11.9,3.7,42.71,0,0,,0,0,,11.2,170,1020.1,100,9.9,,,,,Overcast
2021-12-07T19:00:00,24.2,13.2,3.7,40.68,0,0,,0,0,20.8,11.5,179,1019.6,100,9.9,,,,,Overcast
2021-12-07T20:00:00,24.2,12.6,4.8,42.8,0,0,,0,0,,12.7,181,1018.7,100,9.9,,,,,Overcast
2021-12-07T21:00:00,25,13.3,3.8,39.47,0,0,,0,0,,13.6,181,1018.1,100,9.9,,,,,Overcast
2021-12-07T22:00:00,25,15.5,4.8,41.3,0,0,,0,0,,9.3,180,1017.6,100,9.9,,,,,Overcast
2021-12-07T23:00:00,25.1,15.1,3,38,0,0,,0,0,,10.1,191,1016.9,100,9.9,,,,,Overcast
2021-12-08T00:00:00,26,15.6,3.7,37.64,0,0,,0,0,20.8,11.4,201,1016.7,100,9.9,,,,,Overcast
2021-12-08T01:00:00,26,16.1,6.9,43.7,0,0,,0,0,,10.3,208,1015.9,100,9.9,,,,,Overcast
2021-12-08T02:00:00,26,17,8.9,47.83,0,0,,0,0,,8.9,208,1015.3,100,9.9,,,,,Overcast
2021-12-08T03:00:00,26,16.4,11.8,54.44,0,0,,0,0,,9.9,200,1014.9,100,9.9,,,,,Overcast
2021-12-08T04:00:00,26,17.5,14.9,62.31,0,0,,0,0,,8.2,191,1013.7,100,9.9,,,,,Overcast
2021-12-08T05:00:00,26.1,17.5,16.9,67.66,0,0,,0,0,,8.2,209,1013.8,100,9.9,,,,,Overcast
2021-12-08T06:00:00,26.9,19.4,17.8,68.1,0,0,,0,0,,7,211,1013.5,100,9.9,,,,,Overcast
2021-12-08T07:00:00,27.1,19.6,19,71.29,0,0,,0,0,,7,220,1013.4,89.5,9.9,1,0,0,,Partially cloudy
2021-12-08T08:00:00,28,21.5,19.9,71.37,0,0,,0,0,,5.9,239,1013.6,81.8,9.9,25,0.1,0,,Partially cloudy
2021-12-08T09:00:00,29,22,20.9,71.17,0,0,,0,0,,6.9,259,1013.8,25.7,9.9,135,0.5,1,,Partially cloudy
2021-12-08T10:00:00,30.7,21.1,19.8,63.59,0,0,,0,0,,12.2,301,1014.7,27.7,9.9,184,0.7,2,,Partially cloudy
2021-12-08T11:00:00,31.9,24.2,18,56.03,0,0,,0,0,,8.9,338,1015.4,50.3,9.9,203,0.7,2,,Partially cloudy
2021-12-08T12:00:00,33.2,27.6,18.1,53.39,0,0,,0,0,,6.1,320,1015.4,25.7,9.9,179,0.6,2,,Partially cloudy
2021-12-08T13:00:00,35,28.3,18.9,51.62,0,0,,0,0,,8.2,320,1015.8,25.7,9.9,218,0.8,2,,Partially cloudy
2021-12-08T14:00:00,35,29.9,17.9,49.38,0,0,,0,0,,5.9,328,1015.8,25.7,9.9,253,0.9,3,,Partially cloudy
2021-12-08T15:00:00,35.1,30.8,17.8,49.03,0,0,,0,0,,4.8,328,1016,25.7,9.9,176,0.6,2,,Partially cloudy
2021-12-08T16:00:00,33.2,25.8,17.8,52.77,0,0,,0,0,,8.9,303,1017.4,25.7,9.9,55,0.2,1,,Partially cloudy
2021-12-08T17:00:00,30.8,23.7,17,56.19,0,0,,0,0,,7.6,322,1017.8,25.7,9.9,7,0,0,,Partially cloudy
2021-12-08T18:00:00,29.9,26.2,17.9,60.45,0,0,,0,0,,3.6,358,1017.8,45,9.9,,,,,Partially cloudy
2021-12-08T19:00:00,29.9,25,18.1,60.91,0,0,,0,0,,4.6,25,1017.5,91.7,9.9,,,,,Overcast
2021-12-08T20:00:00,30.6,27.4,18,59.18,0,0,,0,0,,3.2,98,1017.5,81.8,9.9,,,,,Partially cloudy
2021-12-08T21:00:00,29.1,23.3,18.1,63.2,0,0,,0,0,,5.3,350,1018.5,45,9.9,,,,,Partially cloudy
2021-12-08T22:00:00,26.5,22.9,17.3,67.99,0,0,,0,0,,3.1,36,1018,86.6,9.9,,,,,Partially cloudy
2021-12-08T23:00:00,27,27,18.2,69.15,0,0,,0,0,,0.3,12,1018,88.7,9.9,,,,,Partially cloudy
2021-12-09T00:00:00,27.9,21.9,20.6,73.63,0,0,,0,0,,5.4,163,1017.9,81.8,8.9,,,,,Partially cloudy
2021-12-09T01:00:00,28,20.2,20.7,73.68,0,0,,0,0,,7.7,149,1017.1,91.7,8.9,,,,,Overcast
2021-12-09T02:00:00,28.2,19.5,21.7,76.26,0,0,,0,0,,9.2,150,1016.2,92.3,8.7,,,,,Overcast
2021-12-09T03:00:00,29.1,20.7,21.7,73.44,0,0,,0,0,,9.1,139,1014.7,92.3,9.7,,,,,Overcast
2021-12-09T04:00:00,29.9,21.7,21.7,71.2,0,0,,0,0,,9.1,161,1015.1,92.3,9.8,,,,,Overcast
2021-12-09T05:00:00,29.9,20.1,21.7,71.2,0,0,,0,0,,12.1,139,1013.4,92.3,9.8,,,,,Overcast
2021-12-09T06:00:00,30.8,22.9,21.7,68.45,0,0,,0,0,,8.9,131,1013,92.3,9.9,,,,,Overcast
2021-12-09T07:00:00,32,21.8,21.7,65.56,0,0,,0,0,,14.2,129,1011.4,92.3,9.9,1,0,0,,Overcast
2021-12-09T08:00:00,34.1,25.3,21.9,60.65,0,0,,0,0,18.3,12.4,139,1010.4,100,9.9,19,0.1,0,,Overcast
2021-12-09T09:00:00,35.3,26.6,21.9,57.83,0,0,,0,0,23,12.7,131,1008.5,100,9.9,34,0.1,0,,Overcast
2021-12-09T10:00:00,38.9,30.2,22.8,52.06,0,0,,0,0,24.4,15.8,159,1007.6,98.9,9.9,104,0.4,1,,Overcast
2021-12-09T11:00:00,42,35.1,22.9,46.36,0,0,,0,0,27.6,12.9,168,1006.5,99.2,9.9,157,0.6,2,,Overcast
2021-12-09T12:00:00,42.1,35.7,24.8,50.07,0,0,,0,0,24.2,11.4,171,1005.1,100,9.9,46,0.2,0,,Overcast
2021-12-09T13:00:00,43.1,36.6,25.9,50.48,0,0,,0,0,20.8,12.4,171,1003.8,100,9.9,65,0.2,1,,Overcast
2021-12-09T14:00:00,44.1,39.9,28,52.77,0,0,,0,0,,7.5,190,1003.8,100,9.9,72,0.3,1,,Overcast
2021-12-09T15:00:00,45.1,40.8,29.7,54.77,0,0,,0,0,,7.8,200,1004.3,100,9.9,35,0.1,0,,Overcast
2021-12-09T16:00:00,45.1,42.6,31.8,59.46,0,0,,0,0,,4.8,199,1005.1,100,9.9,14,0.1,0,,Overcast
2021-12-09T17:00:00,44.9,41.8,33,62.72,0,0,,0,0,,5.7,179,1005.6,100,9.9,1,0,0,,Overcast
2021-12-09T18:00:00,46,44.6,33.8,62.38,0,0,,0,0,,3.5,181,1006.4,100,9.9,,,,,Overcast
2021-12-09T19:00:00,44.3,42.7,33.1,64.65,0,0,,0,0,,3.5,189,1007,90.1,9.9,,,,,Overcast
2021-12-09T20:00:00,43.2,40.3,33.9,69.5,0,0,,0,0,,4.9,201,1007.7,89.5,9.9,,,,,Partially cloudy
2021-12-09T21:00:00,42.4,39,34.1,71.99,0,0,,0,0,,5.5,225,1008.6,81.8,9.9,,,,,Partially cloudy
2021-12-09T22:00:00,41.7,38.3,33.8,73.29,0,0,,0,0,,5.2,228,1008.6,81.8,9.9,,,,,Partially cloudy
2021-12-09T23:00:00,39.5,36.5,33.7,79.49,0,0,,0,0,,4.3,228,1009.5,82.3,9.9,,,,,Partially cloudy
2021-12-10T00:00:00,40.8,36.9,34.1,76.65,0,0,,0,0,,5.7,273,1010.5,92.3,9.9,,,,,Overcast
2021-12-10T01:00:00,39.5,35,32.9,77.01,0,0,,0,0,,6.3,313,1010.6,92.3,9.9,,,,,Overcast
2021-12-10T02:00:00,37,34.7,30.8,77.98,0,0,,0,0,,3.2,332,1010.6,91.7,9.9,,,,,Overcast
2021-12-10T03:00:00,38.7,34.7,31.8,76.09,0,0,,0,0,,5.3,341,1010.9,92.3,9.9,,,,,Overcast
2021-12-10T04:00:00,37.1,32.7,30.7,77.44,0,0,,0,0,,5.5,7,1011.4,89.7,9.9,,,,,Partially cloudy
2021-12-10T05:00:00,38.7,38.7,30.6,72.56,0,0,,0,0,,0,0,1012.4,91.7,9.9,,,,,Overcast
2021-12-10T06:00:00,37.7,34.3,30.7,75.49,0,0,,0,0,,4.4,36,1013.4,89.7,9.9,,,,,Partially cloudy
2021-12-10T07:00:00,36.9,31.7,30.6,77.85,0,0,,0,0,,6.5,35,1013.1,78.6,9.9,2,0,0,,Partially cloudy
2021-12-10T08:00:00,38.8,34.2,32,76.24,0,0,,0,0,,6.3,34,1013.4,79.8,9.8,45,0.2,0,,Partially cloudy
2021-12-10T09:00:00,44,38.9,35.9,73.16,0,0,,0,0,,9.1,80,1013,53,9.7,161,0.6,2,,Partially cloudy
2021-12-10T10:00:00,44.1,37.9,36.9,75.68,0,0,,0,0,,12.5,61,1013.2,52.7,9.7,252,0.9,3,,Partially cloudy
2021-12-10T11:00:00,46,40.5,36.9,70.42,0,0,,0,0,21.9,11.6,69,1012,86.6,9.7,221,0.8,2,,Partially cloudy
2021-12-10T12:00:00,46,39.6,36.9,70.42,0,0,,0,0,19.7,14.7,80,1010.4,88.4,9.7,223,0.8,2,,Partially cloudy
2021-12-10T13:00:00,46,40.6,36.9,70.42,0,0,,0,0,21.8,11.4,82,1009.3,88.7,9.7,203,0.7,2,,Partially cloudy
2021-12-10T14:00:00,46,39.6,37.1,70.93,0,0,,0,0,18.3,14.4,79,1007.7,99.2,9.6,156,0.6,2,,Overcast
2021-12-10T15:00:00,44.1,37.7,37.9,78.75,0,0,,0,0,17.2,12.9,79,1006.2,100,3.9,29,0.1,0,,Overcast
2021-12-10T16:00:00,43.1,36,38.9,85.26,0.101,100,rain,0,0,24.2,14.2,70,1003.5,100,1.8,7,0,0,,"Rain, Overcast"
2021-12-10T17:00:00,44.9,40.2,42,89.44,0.172,100,rain,0,0,,8.7,89,1002.9,100,4.9,1,0,0,,"Rain, Overcast"
2021-12-10T18:00:00,45,41.7,42.2,89.81,0.043,100,rain,0,0,,5.9,100,1001.8,100,5,,,,,"Rain, Overcast"
2021-12-10T19:00:00,45.1,44,42.3,89.81,0.065,100,rain,0,0,,3.2,75,999.8,100,3.3,,,,,"Rain, Overcast"
2021-12-10T20:00:00,46.2,44.1,43.3,89.33,0.18,100,rain,0,0,,4.5,85,996.7,100,2.6,,,,,"Rain, Overcast"
2021-12-10T21:00:00,47.6,44.2,44.7,89.62,0.045,100,rain,0,0,23,7.2,103,993.2,100,1.7,,,,,"Rain, Overcast"
2021-12-10T22:00:00,57.2,57.2,54.5,90.71,0.208,100,rain,0,0,31.3,19,209,991.2,100,6.3,,,,,"Rain, Overcast"
2021-12-10T23:00:00,59.4,59.4,54.4,83.68,0.03,100,rain,0,0,29.5,15.4,236,990.5,97.4,9.9,,,,,"Rain, Overcast"
2021-12-11T00:00:00,57,57,53.2,86.96,0,0,,0,0,,8.9,214,990.7,96.1,9.9,,,,,Overcast
2021-12-11T01:00:00,55.4,55.4,52.3,89.42,0,0,,0,0,,8.6,226,990.3,51.9,9.2,,,,,Partially cloudy
2021-12-11T02:00:00,56.1,56.1,52.3,87.2,0,0,,0,0,,9.9,216,989.5,31.4,9.5,,,,,Partially cloudy
2021-12-11T03:00:00,57.7,57.7,53,84.34,0,0,,0,0,24.2,13.7,218,988.9,48.8,9.9,,,,,Partially cloudy
2021-12-11T04:00:00,57.8,57.8,53,83.92,0,0,,0,0,23.6,14.1,201,987.4,95.6,9.9,,,,,Overcast
2021-12-11T05:00:00,49,40.6,41.2,74.15,0,0,,0,0,54.2,31.2,250,989.1,100,9.9,,,,,Overcast
2021-12-11T06:00:00,40.1,30,35.2,82.39,0,0,,0,0,49.9,22.7,248,991.4,100,9.8,,,,,Overcast
2021-12-11T07:00:00,37.2,25.8,30.8,77.54,0,0,,0,0,47.9,24.3,241,993.4,100,9.9,1,0,0,,Overcast
2021-12-11T08:00:00,36.1,24,29.9,78.25,0,0,,0,0,41.8,25.6,241,995.1,100,9.6,20,0.1,0,,Overcast
2021-12-11T09:00:00,36,24.2,29.1,75.88,0,0,,0,0,41.4,24.4,262,997.5,100,9.7,35,0.1,0,,Overcast
2021-12-11T10:00:00,36,25.2,28,72.54,0,0,,0,0,39.1,20,281,999.9,100,9.6,77,0.3,1,,Overcast
2021-12-11T11:00:00,37.2,26.5,28.9,71.69,0,0,,0,0,39.5,21.2,291,1002.5,100,9.7,145,0.5,1,,Overcast
2021-12-11T12:00:00,38,27.4,27.9,66.55,0,0,,0,0,42.2,22,291,1004.6,88.7,9.9,219,0.8,2,,Partially cloudy
2021-12-11T13:00:00,39.8,30.2,26.8,59.44,0,0,,0,0,34.9,19.8,289,1006.6,83.9,9.9,214,0.8,2,,Partially cloudy
2021-12-11T14:00:00,39.9,30.4,24.2,53.07,0,0,,0,0,34.8,19.9,288,1008.4,48.2,9.9,229,0.8,2,,Partially cloudy
2021-12-11T15:00:00,40.1,31,22.7,49.56,0,0,,0,0,31.3,18.4,271,1009.8,48.2,9.9,126,0.5,1,,Partially cloudy
2021-12-11T16:00:00,39.9,31.8,21.4,47.17,0,0,,0,0,28.8,14.9,271,1011.6,45,9.9,53,0.2,1,,Partially cloudy
2021-12-11T17:00:00,38.9,31.3,22.7,51.91,0,0,,0,0,26,12.6,261,1013.4,0,9.9,6,0,0,,Clear
2021-12-11T18:00:00,37.2,29,24.7,60.39,0,0,,0,0,24.2,12.8,250,1014.8,0,9.9,,,,,Clear
2021-12-11T19:00:00,37,29.4,24.9,61.32,0,0,,0,0,,11.2,250,1015.7,0,9.9,,,,,Clear
2021-12-11T20:00:00,35.1,28.6,25,66.12,0,0,,0,0,,8.2,241,1016.5,0,9.9,,,,,Clear
2021-12-11T21:00:00,35.1,26.5,25,66.41,0,0,,0,0,19.7,12.4,250,1017.2,0,9.9,,,,,Clear
2021-12-11T22:00:00,34.1,26.3,25,68.97,0,0,,0,0,,10.1,232,1017.5,0,9.9,,,,,Clear
2021-12-11T23:00:00,33.2,26.9,24.9,71.32,0,0,,0,0,,7,231,1017.9,0,9.9,,,,,Clear
2021-12-12T00:00:00,32,24.8,24.9,74.89,0,0,,0,0,,8,219,1018.1,0,9.9,,,,,Clear
2021-12-12T01:00:00,32.1,23.9,24.1,72,0,0,,0,0,,10,219,1018.1,23.1,9.9,,,,,Partially cloudy
2021-12-12T02:00:00,33.2,25.2,24,68.4,0,0,,0,0,,10.1,220,1018.3,23.1,9.9,,,,,Partially cloudy
2021-12-12T03:00:00,33.3,25.6,22.8,64.88,0,0,,0,0,,9.4,221,1018.6,45,9.9,,,,,Partially cloudy
2021-12-12T04:00:00,33.3,25.3,22.8,65,0,0,,0,0,,10.1,229,1018.6,46.1,9.9,,,,,Partially cloudy
2021-12-12T05:00:00,33.2,25.8,22.8,65.08,0,0,,0,0,,9,220,1018.9,24.5,9.9,,,,,Partially cloudy
2021-12-12T06:00:00,33.2,24.7,22.8,65.08,0,0,,0,0,,11.3,219,1019,24.5,9.9,,,,,Partially cloudy
2021-12-12T07:00:00,33.2,25.8,22.8,65.08,0,0,,0,0,,9,219,1019.4,1.4,9.9,1,0,0,,Clear
2021-12-12T08:00:00,33.2,25.2,22.8,65.2,0,0,,0,0,,10.2,219,1020,1.4,9.9,26,0.1,0,,Clear
2021-12-12T09:00:00,36.1,27,22.9,58.45,0,0,,0,0,24.2,14.4,219,1020,24.5,9.9,163,0.6,2,,Partially cloudy
2021-12-12T10:00:00,39.1,32,22.9,51.78,0,0,,0,0,24.3,11.4,211,1020.4,23.1,9.9,216,0.8,2,,Partially cloudy
2021-12-12T11:00:00,43.3,36,22.7,43.9,0,0,,0,0,29.8,14.9,218,1020.1,24.5,9.9,185,0.7,2,,Partially cloudy
2021-12-12T12:00:00,46.3,40,23.7,40.65,0,0,,0,0,28.9,14.7,211,1019.4,24.5,9.9,189,0.7,2,,Partially cloudy
2021-12-12T13:00:00,48.1,41.6,23.6,37.89,0,0,,0,0,28.8,18,211,1018.9,45,9.9,186,0.7,2,,Partially cloudy
2021-12-12T14:00:00,48.2,41.4,23.7,37.91,0,0,,0,0,29.9,19.3,211,1018.1,79.8,9.9,220,0.8,2,,Partially cloudy
2021-12-12T15:00:00,48.1,43.1,23.9,38.37,0,0,,0,0,30.9,11.9,209,1017.9,81.8,9.9,148,0.5,1,,Partially cloudy
2021-12-12T16:00:00,47.9,41.6,24.9,40.19,0,0,,0,0,28.3,16.8,200,1017.7,81.8,9.9,54,0.2,1,,Partially cloudy
2021-12-12T17:00:00,46.1,38.6,26.1,45.19,0,0,,0,0,28.5,19.5,200,1018.2,81.8,9.9,5,0,0,,Partially cloudy
2021-12-12T18:00:00,44.9,37.3,28.2,51.73,0,0,,0,0,29.4,18,209,1018.4,81.8,9.9,,,,,Partially cloudy
2021-12-12T19:00:00,44.1,36.3,27,50.81,0,0,,0,0,30,18.3,209,1018.7,81.8,9.9,,,,,Partially cloudy
2021-12-12T20:00:00,44.9,37.8,26.8,48.89,0,0,,0,0,29,16.1,209,1018.8,81.8,9.9,,,,,Partially cloudy
2021-12-12T21:00:00,44,36.7,26,48.89,0,0,,0,0,26.1,16,209,1018.7,81.8,9.9,,,,,Partially cloudy
2021-12-12T22:00:00,43.1,34.5,26,50.68,0,0,,0,0,30.8,20.4,210,1019.2,81.8,9.9,,,,,Partially cloudy
2021-12-12T23:00:00,41.1,33.2,26.9,56.79,0,0,,0,0,28.6,15,209,1019.6,24.5,9.9,,,,,Partially cloudy
2021-12-13T00:00:00,40.9,33.4,26.9,57.13,0,0,,0,0,26.4,13.8,210,1019.8,24.5,9.9,,,,,Partially cloudy
2021-12-13T01:00:00,39.9,32.1,26.9,59.46,0,0,,0,0,23.1,13.8,209,1019.6,1.4,9.9,,,,,Clear
2021-12-13T02:00:00,39,30.6,27.9,64.19,0,0,,0,0,23,14.6,209,1019.9,24.5,9.9,,,,,Partially cloudy
2021-12-13T03:00:00,38.9,31.7,26.9,61.88,0,0,,0,0,20.8,11.4,219,1019.8,24.5,9.9,,,,,Partially cloudy
2021-12-13T04:00:00,38.1,29.9,27.9,66.63,0,0,,0,0,23,13.4,219,1019.5,0,9.9,,,,,Clear
2021-12-13T05:00:00,37.9,30,27.9,66.97,0,0,,0,0,20.8,12.6,210,1019.8,0,9.9,,,,,Clear
2021-12-13T06:00:00,37.1,29.1,27.9,69.07,0,0,,0,0,,12.4,219,1019.9,1.4,9.9,,,,,Clear
2021-12-13T07:00:00,37.1,29,27.9,69.26,0,0,,0,0,,12.4,210,1020,25.7,9.9,1,0,0,,Partially cloudy
2021-12-13T08:00:00,37.1,30.2,28,69.2,0,0,,0,0,,9.9,219,1021,24.5,9.9,23,0.1,0,,Partially cloudy
2021-12-13T09:00:00,39.1,31.6,28.1,64.35,0,0,,0,0,21.9,12.3,229,1021.5,24.5,9.9,151,0.5,2,,Partially cloudy
2021-12-13T10:00:00,42.4,36.4,28,56.48,0,0,,0,0,,10.4,232,1022.2,24.5,9.9,221,0.8,2,,Partially cloudy
2021-12-13T11:00:00,45.1,38.5,28.1,51.09,0,0,,0,0,21.9,14.6,248,1021.9,24.5,9.9,162,0.6,2,,Partially cloudy
2021-12-13T12:00:00,47.2,41.7,28.8,48.58,0,0,,0,0,,12.6,241,1021.3,24.5,9.9,137,0.5,1,,Partially cloudy
2021-12-13T13:00:00,48.8,45.3,28.9,45.93,0,0,,0,0,,8,242,1021.7,81.8,9.9,236,0.8,2,,Partially cloudy
2021-12-13T14:00:00,48.9,46.4,29.8,47.53,0,0,,0,0,,5.9,256,1021.9,81.8,9.9,246,0.9,2,,Partially cloudy
2021-12-13T15:00:00,48,44.9,29.9,49.2,0,0,,0,0,,6.9,238,1022.5,81.8,9.9,148,0.5,1,,Partially cloudy
2021-12-13T16:00:00,47.1,44.3,30.8,52.92,0,0,,0,0,,5.8,211,1023.3,81.8,9.9,42,0.2,0,,Partially cloudy
2021-12-13T17:00:00,46.1,46.1,30.8,54.94,0,0,,0,0,,0.5,334,1024.2,81.8,9.9,7,0,0,,Partially cloudy
2021-12-13T18:00:00,43.3,43.3,30.8,61.07,0,0,,0,0,,0.3,350,1025.3,79.8,9.9,,,,,Partially cloudy
2021-12-13T19:00:00,39.9,39.9,30.6,69.37,0,0,,0,0,,0.7,331,1026,45,9.9,,,,,Partially cloudy
2021-12-13T20:00:00,38.1,38.1,29.8,71.65,0,0,,0,0,,0,0,1026.6,45,9.9,,,,,Partially cloudy
2021-12-13T21:00:00,38.1,38.1,29.9,72.15,0,0,,0,0,,0.2,10,1026.4,24.5,9.9,,,,,Partially cloudy
2021-12-13T22:00:00,35.9,35.9,29.7,78.16,0,0,,0,0,,0,0,1027.1,24.5,9.9,,,,,Partially cloudy
2021-12-13T23:00:00,34.9,34.9,28.8,78.36,0,0,,0,0,,0,0,1027.3,23.1,9.9,,,,,Partially cloudy
2021-12-14T00:00:00,33.8,33.8,28.1,79.2,0,0,,0,0,,0.2,9,1027.1,0,8.9,,,,,Clear
2021-12-14T01:00:00,33.9,33.9,28.1,79.12,0,0,,0,0,,0.2,9,1027.2,0,9.8,,,,,Clear
2021-12-14T02:00:00,33.9,33.9,28.1,79.16,0,0,,0,0,,0.2,9,1027.7,24.5,9.8,,,,,Partially cloudy
2021-12-14T03:00:00,31.8,31.8,28,85.58,0,0,,0,0,,0,0,1028,0,9.8,,,,,Clear
2021-12-14T04:00:00,32,32,27.1,81.77,0,0,,0,0,,0,0,1028.1,24.5,8.8,,,,,Partially cloudy
2021-12-14T05:00:00,33.8,31.1,28.8,81.77,0,0,,0,0,,3.2,97,1027.8,0,8.6,,,,,Clear
2021-12-14T06:00:00,33.7,30.8,28.7,81.67,0,0,,0,0,,3.3,142,1027.9,24.5,9.6,,,,,Partially cloudy
2021-12-14T07:00:00,34.7,29.8,30.4,83.91,0,0,,0,0,,5.6,124,1027.8,48.2,9.7,2,0,0,,Partially cloudy
2021-12-14T08:00:00,37.5,32.5,31.6,78.96,0,0,,0,0,,6.5,134,1027.7,81.8,9.6,32,0.1,0,,Partially cloudy
2021-12-14T09:00:00,41.1,36.7,33.9,75.37,0,0,,0,0,,6.7,128,1027.5,81.8,9.9,153,0.6,2,,Partially cloudy
2021-12-14T10:00:00,46.3,41.9,34,61.95,0,0,,0,0,,8.8,131,1027.4,81.8,9.9,265,1,3,,Partially cloudy
2021-12-14T11:00:00,47.3,42.7,34.1,59.98,0,0,,0,0,,10,157,1026.9,92.3,9.9,197,0.7,2,,Overcast
2021-12-14T12:00:00,48.3,44.6,34,57.51,0,0,,0,0,,8.2,159,1025.8,92.3,9.9,191,0.7,2,,Overcast
2021-12-14T13:00:00,52,52,34.9,51.96,0,0,,0,0,,8.3,149,1025.1,92.3,9.9,210,0.8,2,,Overcast
2021-12-14T14:00:00,53.1,53.1,35,50.23,0,0,,0,0,,9.1,129,1023.9,99.2,9.9,121,0.4,1,,Overcast
2021-12-14T15:00:00,52.2,52.2,35.9,53.67,0,0,,0,0,,10.8,148,1023.6,100,9.9,39,0.1,0,,Overcast
2021-12-14T16:00:00,52.1,52.1,37,56.2,0,0,,0,0,19.7,9,148,1023.2,75.2,9.9,29,0.1,0,,Partially cloudy
2021-12-14T17:00:00,50.3,50.3,37.9,62.42,0,0,,0,0,20.8,9.5,142,1022.9,90.9,9.9,2,0,0,,Overcast
2021-12-14T18:00:00,51.2,51.2,38,60.46,0,0,,0,0,,9.1,159,1022.5,92,9.9,,,,,Overcast
2021-12-14T19:00:00,51.2,51.2,38,60.52,0,0,,0,0,27.7,10.2,150,1021.9,99.2,9.9,,,,,Overcast
2021-12-14T20:00:00,52.2,52.2,38.8,60.13,0,0,,0,0,23,10.4,170,1021.3,100,9.9,,,,,Overcast
2021-12-14T21:00:00,51.2,51.2,44.3,77.17,0,0,,0,0,28,16.9,189,1021.2,100,7.7,,,,,Overcast
2021-12-14T22:00:00,49,44.7,46.1,89.97,0.028,100,rain,0,0,19.7,10.2,171,1020.1,100,9.4,,,,,"Rain, Overcast"
2021-12-14T23:00:00,50,50,46.1,86.4,0.001,100,rain,0,0,27.7,18,188,1019.8,100,3.9,,,,,"Rain, Overcast"
2021-12-15T00:00:00,50,50,47.1,89.62,0.001,100,rain,0,0,24.2,14,189,1019,100,6.5,,,,,"Rain, Overcast"
2021-12-15T01:00:00,51.3,51.3,47.1,85.38,0,0,,0,0,24,14.5,191,1017.9,100,9.7,,,,,Overcast
2021-12-15T02:00:00,52.2,52.2,47.1,82.81,0,0,,0,0,19.9,13,189,1017.7,100,9.9,,,,,Overcast
2021-12-15T03:00:00,53.1,53.1,47.9,82.3,0,0,,0,0,23,12.8,199,1017.3,100,9.9,,,,,Overcast
2021-12-15T04:00:00,53.2,53.2,48.8,84.93,0,0,,0,0,21.9,12.6,191,1016.3,100,9.9,,,,,Overcast
2021-12-15T05:00:00,54.1,54.1,49.9,85.69,0,0,,0,0,25.3,11.6,190,1015.4,100,9.9,,,,,Overcast
2021-12-15T06:00:00,55.2,55.2,50.1,82.86,0,0,,0,0,22,14.8,190,1015.1,100,9.9,,,,,Overcast
2021-12-15T07:00:00,55.2,55.2,51.2,86.42,0,0,,0,0,30,11.8,189,1014.4,100,9.8,1,0,0,,Overcast
2021-12-15T08:00:00,56.1,56.1,52,86.1,0,0,,0,0,22.2,13.3,189,1013.8,100,8.7,9,0,0,,Overcast
2021-12-15T09:00:00,57.1,57.1,52.1,83.5,0,0,,0,0,23.6,15.1,190,1013.2,100,9.8,30,0.1,0,,Overcast
2021-12-15T10:00:00,59.1,59.1,54,83.07,0,0,,0,0,29.4,15.3,189,1012.7,100,9.9,54,0.2,1,,Overcast
2021-12-15T11:00:00,61.2,61.2,56,82.99,0,0,,0,0,25.7,14.5,190,1011.5,100,9.9,91,0.3,1,,Overcast
2021-12-15T12:00:00,63.1,63.1,56.9,80.29,0,0,,0,0,27.9,16.3,190,1010,100,9.9,74,0.3,1,,Overcast
2021-12-15T13:00:00,64.2,64.2,57.8,79.73,0,0,,0,0,32.7,20.4,200,1009,100,9.9,67,0.2,1,,Overcast
2021-12-15T14:00:00,64.2,64.2,57.9,79.93,0,0,,0,0,36,20.2,191,1008.3,100,9.9,55,0.2,1,,Overcast
2021-12-15T15:00:00,65.1,65.1,58.9,80.38,0,0,,0,0,37.4,22.8,191,1008.1,100,9.9,29,0.1,0,,Overcast
2021-12-15T16:00:00,65.1,65.1,58.9,80.44,0,0,,0,0,34.7,18.7,190,1007.7,100,9.9,14,0.1,0,,Overcast
2021-12-15T17:00:00,65,65,58.9,80.57,0,0,,0,0,35.2,21.8,199,1007.6,100,9.9,2,0,0,,Overcast
2021-12-15T18:00:00,64.2,64.2,57.8,79.53,0,0,,0,0,39.8,18.8,190,1006.8,100,9.9,,,,,Overcast
2021-12-15T19:00:00,63.1,63.1,56.9,80.03,0,0,,0,0,41.3,20.3,189,1005.3,100,9.9,,,,,Overcast
2021-12-15T20:00:00,63.1,63.1,56.9,80.16,0,0,,0,0,46.7,27.6,189,1004.2,100,9.9,,,,,Overcast
2021-12-15T21:00:00,64.2,64.2,56,74.84,0,0,,0,0,49.4,28.9,191,1004,100,9.9,,,,,Overcast
2021-12-15T22:00:00,63.2,63.2,56,77.48,0,0,,0,0,58.7,27.9,190,1002.4,100,9.9,,,,,Overcast
2021-12-15T23:00:00,65.1,65.1,56.8,74.61,0,0,,0,0,58,36.3,199,1001.6,100,9.9,,,,,Overcast
2021-12-16T00:00:00,66,66,56.9,72.44,0,0,,0,0,54,31,191,1000.6,100,9.9,,,,,Overcast
2021-12-16T01:00:00,64.2,64.2,57.7,79.33,0.001,100,rain,0,0,47.8,27.9,200,1000.3,100,9.8,,,,,"Rain, Overcast"
2021-12-16T02:00:00,65.1,65.1,56.9,74.8,0,0,,0,0,44.9,26.3,200,999.1,100,9.9,,,,,Overcast
2021-12-16T03:00:00,65.1,65.1,52.7,64.18,0,0,,0,0,46.4,22.9,220,1001,99.2,9.8,,,,,Overcast
2021-12-16T04:00:00,61.3,61.3,40,45.52,0,0,,0,0,53.3,26.2,240,1001.8,90.1,6.2,,,,,Overcast
2021-12-16T05:00:00,52.5,52.5,39.7,61.74,0,0,,0,0,39.3,23.4,259,1003.5,32.1,9.6,,,,,Partially cloudy
2021-12-16T06:00:00,45.4,37.5,36,69.55,0,0,,0,0,36.7,20.6,241,1005,24.5,9.9,,,,,Partially cloudy
2021-12-16T07:00:00,42.4,33.5,33.2,69.57,0,0,,0,0,35.9,20.8,257,1006.2,26.6,9.9,2,0,0,,Partially cloudy
2021-12-16T08:00:00,40.1,30.5,30.8,69.27,0,0,,0,0,34.7,20.2,232,1006.9,85.5,9.9,32,0.1,0,,Partially cloudy
2021-12-16T09:00:00,39.1,28.8,29,66.84,0,0,,0,0,38.5,22.3,243,1008,53,9.9,113,0.4,1,,Partially cloudy
2021-12-16T10:00:00,39.1,28.2,28.9,66.6,0,0,,0,0,40.8,24.7,250,1009.1,86.6,9.9,188,0.7,2,,Partially cloudy
2021-12-16T11:00:00,38.3,27.3,26.3,61.58,0,0,,0,0,40.8,24.4,257,1009.8,88.7,9.9,147,0.5,1,,Partially cloudy
2021-12-16T12:00:00,39.2,29.6,26.9,61.19,0,0,,0,0,38.4,19.2,251,1010.3,26.6,9.9,173,0.6,2,,Partially cloudy
2021-12-16T13:00:00,39.2,28.8,26.2,59.29,0,0,,0,0,42.6,22.7,258,1011.1,28.4,9.9,169,0.6,2,,Partially cloudy
2021-12-16T14:00:00,40.2,30.9,26.1,56.74,0,0,,0,0,38,19.7,249,1011.7,24.5,9.9,203,0.7,2,,Partially cloudy
2021-12-16T15:00:00,41.2,32.2,26,54.43,0,0,,0,0,32,19.6,251,1012.5,24.5,9.9,175,0.6,2,,Partially cloudy
2021-12-16T16:00:00,40.1,31.5,25,54.52,0,0,,0,0,30.8,16.4,250,1013.7,24.5,9.9,54,0.2,1,,Partially cloudy
2021-12-16T17:00:00,39.1,29.5,24.1,54.6,0,0,,0,0,32.1,19.1,251,1015,1.4,9.9,9,0,0,,Clear
2021-12-16T18:00:00,38.3,30.2,23.9,55.85,0,0,,0,0,24.4,13.2,251,1015.7,0,9.9,1,0,0,,Clear
2021-12-16T19:00:00,37.3,28.7,19.3,47.85,0,0,,0,0,28.2,13.8,251,1016.7,0,9.9,,,,,Clear
2021-12-16T20:00:00,36.1,26.5,20,51.57,0,0,,0,0,24.4,16.1,260,1017.7,0,9.9,,,,,Clear
2021-12-16T21:00:00,35.3,27.1,20.7,54.99,0,0,,0,0,21.4,11.8,261,1018.7,0,9.9,,,,,Clear
2021-12-16T22:00:00,34.3,24.9,20.7,57.13,0,0,,0,0,22.4,14,251,1019.7,0,9.9,,,,,Clear
2021-12-16T23:00:00,33.4,26.4,20,57.44,0,0,,0,0,18.4,8.3,261,1021.1,0,9.9,,,,,Clear
2021-12-17T00:00:00,32.2,25.1,19.9,60.08,0,0,,0,0,19.7,8.1,280,1021.2,0,9.9,,,,,Clear
2021-12-17T01:00:00,31,22.8,19,60.91,0,0,,0,0,,9.2,280,1021.5,0,9.9,,,,,Clear
2021-12-17T02:00:00,30,22.5,19,63.21,0,0,,0,0,,7.9,290,1022,24.5,9.9,,,,,Partially cloudy
2021-12-17T03:00:00,30,30,18,60.58,0,0,,0,0,,0.5,343,1022.6,23.1,9.9,,,,,Partially cloudy
2021-12-17T04:00:00,29.1,25.3,18,62.82,0,0,,0,0,,3.5,242,1023.3,0,9.9,,,,,Clear
2021-12-17T05:00:00,28.2,21.9,19,68.07,0,0,,0,0,,5.8,251,1024,0,9.9,,,,,Clear
2021-12-17T06:00:00,28,21,19,68.65,0,0,,0,0,,6.6,283,1024.2,23.1,9.9,,,,,Partially cloudy
2021-12-17T07:00:00,27,27,17.9,68.28,0,0,,0,0,,0.5,354,1024.6,24.5,9.9,2,0,0,,Partially cloudy
2021-12-17T08:00:00,27.1,23.4,19,71.29,0,0,,0,0,,3.2,322,1024.8,24.5,9.9,37,0.1,0,,Partially cloudy
2021-12-17T09:00:00,30.1,23.2,19.1,63.3,0,0,,0,0,,7,351,1025.2,24.5,9.9,165,0.6,2,,Partially cloudy
2021-12-17T10:00:00,33.3,27.3,17,50.82,0,0,,0,0,,6.7,28,1025.8,24.5,9.9,244,0.9,2,,Partially cloudy
2021-12-17T11:00:00,35.4,31.2,17.8,48.45,0,0,,0,0,,4.8,14,1025.5,46.1,9.9,161,0.6,2,,Partially cloudy
2021-12-17T12:00:00,37.3,32.7,17.4,43.92,0,0,,0,0,,5.8,76,1024.4,46.1,9.9,184,0.7,2,,Partially cloudy
2021-12-17T13:00:00,37.1,30.5,21.2,52.11,0,0,,0,0,,9.2,61,1023.7,81.8,9.9,188,0.7,2,,Partially cloudy
2021-12-17T14:00:00,36.1,27.7,24.3,62.07,0,0,,0,0,,12.5,59,1022.8,81.8,9.9,161,0.6,2,,Partially cloudy
2021-12-17T15:00:00,36.1,28.2,26.1,66.83,0,0,,0,0,,11.4,60,1022.8,73.5,9.9,115,0.4,1,,Partially cloudy
2021-12-17T16:00:00,35.3,26.4,26.2,69.18,0,0,,0,0,,13.3,61,1022.7,73.8,9.9,37,0.1,0,,Partially cloudy
2021-12-17T17:00:00,36.1,28.9,27.1,69.28,0,0,,0,0,,10,69,1022.7,100,9.9,2,0,0,,Overcast
2021-12-17T18:00:00,36.1,27.1,28.2,72.56,0,0,,0,0,,14.4,59,1022.5,100,9.9,,,,,Overcast
2021-12-17T19:00:00,37.3,28.9,29,71.67,0,0,,0,0,18.3,13.4,69,1022.2,100,9.9,,,,,Overcast
2021-12-17T20:00:00,37.3,28.8,29.1,71.94,0,0,,0,0,,13.7,59,1022,100,9.9,,,,,Overcast
2021-12-17T21:00:00,38.2,31.4,28.4,67.58,0,0,,0,0,,10.1,50,1020.8,100,9.9,,,,,Overcast
2021-12-17T22:00:00,39.1,33,29.9,69.28,0,0,,0,0,,8.9,59,1019.6,100,9.9,,,,,Overcast
2021-12-17T23:00:00,40,34.5,30.6,69.05,0,0,,0,0,,8.1,42,1019.3,100,9.9,,,,,Overcast
2021-12-18T00:00:00,40,33.7,29.7,66.17,0,0,,0,0,,10,62,1018.2,100,9.9,,,,,Overcast
2021-12-18T01:00:00,40,33.7,29.8,66.72,0,0,,0,0,,9.8,53,1017.4,100,9.9,,,,,Overcast
2021-12-18T02:00:00,38.2,32.9,30.8,74.49,0.031,100,rain,0,0,,7.2,79,1017,100,6.5,,,,,"Rain, Overcast"
2021-12-18T03:00:00,37.4,31.4,32,80.73,0.007,100,rain,0,0,,7.9,22,1016.7,100,9.7,,,,,"Rain, Overcast"
2021-12-18T04:00:00,37.3,31.2,32.2,81.71,0.001,100,rain,0,0,,8.2,49,1016.5,100,9.5,,,,,"Rain, Overcast"
2021-12-18T05:00:00,37.3,30.2,33.3,85.23,0,0,,0,0,,10.1,41,1016.2,100,5,,,,,Overcast
2021-12-18T06:00:00,36.3,29.5,33.3,88.87,0,0,,0,0,,9.1,38,1016.5,100,4,,,,,Overcast
2021-12-18T07:00:00,36.2,28.4,33.2,88.68,0,0,,0,0,,11.2,38,1016.2,100,6.4,,,,,Overcast
2021-12-18T08:00:00,37.2,29.3,33.2,85.29,0.01,100,rain,0,0,,12.1,8,1016.7,100,5.4,5,0,0,,"Rain, Overcast"
2021-12-18T09:00:00,36.2,28.9,33.3,89.09,0.011,100,rain,0,0,,10,353,1017.3,100,3.1,20,0.1,0,,"Rain, Overcast"
2021-12-18T10:00:00,37.3,30.5,33.2,84.93,0,0,,0,0,17.2,9.4,352,1017.5,100,5.2,52,0.2,1,,Overcast
2021-12-18T11:00:00,37.3,29.6,32,81.03,0.001,100,rain,0,0,,11.5,341,1017.8,100,8.8,26,0.1,0,,"Rain, Overcast"
2021-12-18T12:00:00,36.2,28.7,30.9,80.75,0,0,,0,0,23,10.6,331,1017.7,90.1,9.9,99,0.4,1,,Overcast
2021-12-18T13:00:00,38.1,30.2,30.7,74.5,0,0,,0,0,,12.7,331,1018.3,90.1,9.9,210,0.8,2,,Overcast
2021-12-18T14:00:00,37.3,29,28.8,71.2,0,0,,0,0,21.9,13.1,342,1018.9,89.5,9.9,145,0.5,1,,Partially cloudy
2021-12-18T15:00:00,37.3,29.2,26.2,63.8,0,0,,0,0,20.8,12.8,338,1019.9,88.7,9.9,116,0.4,1,,Partially cloudy
2021-12-18T16:00:00,35.3,26.4,25,65.76,0,0,,0,0,,13.3,340,1021,88.7,9.9,42,0.2,0,,Partially cloudy
2021-12-18T17:00:00,34.3,26.8,25,68.46,0,0,,0,0,,9.5,348,1022,89.5,9.9,5,0,0,,Partially cloudy
2021-12-18T18:00:00,34.2,25.9,24.1,66.08,0,0,,0,0,,11.3,339,1023.1,100,9.9,,,,,Overcast
2021-12-18T19:00:00,32.3,22.4,24,71.22,0,0,,0,0,,13.7,347,1023.6,100,9.9,,,,,Overcast
2021-12-18T20:00:00,32.2,23.7,21.9,65.47,0,0,,0,0,,10.5,359,1024.5,99.4,9.9,,,,,Overcast
2021-12-18T21:00:00,32.1,23.8,21,63.4,0,0,,0,0,,10,8,1025.1,99.4,9.9,,,,,Overcast
2021-12-18T22:00:00,32,23.7,21.7,65.46,0,0,,0,0,,10,335,1025.2,89.5,9.9,,,,,Partially cloudy
2021-12-18T23:00:00,32,25.7,20.9,63.08,0,0,,0,0,,6.7,35,1025.8,89.5,9.9,,,,,Partially cloudy
2021-12-19T00:00:00,31,31,22.7,70.75,0,0,,0,0,,1,1,1026.2,99.4,9.9,,,,,Overcast
2021-12-19T01:00:00,32,25.6,21.6,65.02,0,0,,0,0,,6.9,24,1026.4,100,9.9,,,,,Overcast
2021-12-19T02:00:00,31,27,20.9,66.02,0,0,,0,0,,3.8,328,1026.7,100,9.9,,,,,Overcast
2021-12-19T03:00:00,31,25.2,20.9,65.83,0,0,,0,0,,5.8,321,1027.5,100,9.9,,,,,Overcast
2021-12-19T04:00:00,30.1,30.1,21.6,70.44,0,0,,0,0,,0.8,353,1027.1,100,9.9,,,,,Overcast
2021-12-19T05:00:00,30.1,23.2,20.9,68.14,0,0,,0,0,,7,311,1027.6,99.4,9.9,,,,,Overcast
2021-12-19T06:00:00,29.3,25.4,20.8,70.15,0,0,,0,0,,3.7,329,1027.8,89.5,9.9,,,,,Partially cloudy
2021-12-19T07:00:00,28.5,24.4,20.8,72.61,0,0,,0,0,,3.7,355,1028.2,99.4,9.9,2,0,0,,Overcast
2021-12-19T08:00:00,29.2,24,20.9,70.73,0,0,,0,0,,4.8,302,1028.4,89.5,9.9,24,0.1,0,,Partially cloudy
2021-12-19T09:00:00,31,27.6,20.9,65.7,0,0,,0,0,,3.5,346,1028.8,27.8,9.9,148,0.5,1,,Partially cloudy
2021-12-19T10:00:00,32.2,29.1,20.9,62.67,0,0,,0,0,,3.4,210,1028.9,24.5,9.9,229,0.8,2,,Partially cloudy
2021-12-19T11:00:00,34.2,29.9,21.8,60.27,0,0,,0,0,,4.7,196,1028.3,27.8,9.9,183,0.7,2,,Partially cloudy
2021-12-19T12:00:00,36.1,30.4,23.9,60.96,0,0,,0,0,,7.1,211,1027.6,83.9,9.9,208,0.7,2,,Partially cloudy
2021-12-19T13:00:00,36.4,28.1,24.2,60.97,0,0,,0,0,18.3,12.5,218,1026.7,85.6,9.9,202,0.7,2,,Partially cloudy
2021-12-19T14:00:00,37.2,29.6,24.2,58.86,0,0,,0,0,,11.4,227,1026,50.3,9.9,236,0.8,2,,Partially cloudy
2021-12-19T15:00:00,36.2,28.9,24.1,61.13,0,0,,0,0,,10.1,218,1025.8,48.2,9.9,142,0.5,1,,Partially cloudy
2021-12-19T16:00:00,36.1,28.6,24.2,61.7,0,0,,0,0,19.7,10.5,210,1025.6,48.2,9.9,54,0.2,1,,Partially cloudy
2021-12-19T17:00:00,34.2,26.9,24.2,66.29,0,0,,0,0,,9.3,201,1025.5,48.2,9.9,5,0,0,,Partially cloudy
2021-12-19T18:00:00,32.3,27.1,25,74.08,0,0,,0,0,,5.4,182,1025.2,46.1,9.9,1,0,0,,Partially cloudy
2021-12-19T19:00:00,32.2,24.4,25.1,74.8,0,0,,0,0,,9.1,189,1024.9,45,9.9,,,,,Partially cloudy
2021-12-19T20:00:00,32.1,24.3,25.1,75.07,0,0,,0,0,,9.2,190,1024.6,45,9.9,,,,,Partially cloudy
2021-12-19T21:00:00,32.1,23.6,26,78.07,0,0,,0,0,,10.4,198,1024.2,24.5,9.9,,,,,Partially cloudy
2021-12-19T22:00:00,32.2,22.8,26.1,78.04,0,0,,0,0,23,12.5,199,1023.6,24.5,9.9,,,,,Partially cloudy
2021-12-19T23:00:00,32,23.1,26.1,78.47,0,0,,0,0,,11.3,199,1023.5,24.5,9.8,,,,,Partially cloudy
2021-12-20T00:00:00,31,21.8,26,81.49,0,0,,0,0,21.9,11.5,191,1023.2,24.5,9.8,,,,,Partially cloudy
2021-12-20T01:00:00,30.3,22.4,25.1,81.05,0,0,,0,0,21.9,8.5,191,1022.7,24.5,9.8,,,,,Partially cloudy
2021-12-20T02:00:00,30.9,22.2,26,81.99,0,0,,0,0,20.8,10.2,201,1022.9,24.5,9.8,,,,,Partially cloudy
2021-12-20T03:00:00,30.9,22.2,26,81.99,0,0,,0,0,,10.3,200,1022.9,46.1,9.8,,,,,Partially cloudy
2021-12-20T04:00:00,31,21.8,26.1,81.86,0,0,,0,0,,11.4,218,1022.6,46.1,9.8,,,,,Partially cloudy
2021-12-20T05:00:00,30.9,20,26.1,82.06,0,0,,0,0,25,15.6,209,1021.9,24.5,9.8,,,,,Partially cloudy
2021-12-20T06:00:00,30.9,20,26.1,82.06,0,0,,0,0,26.4,15.7,209,1021.4,24.5,9.8,,,,,Partially cloudy
2021-12-20T07:00:00,31,19.7,26.1,81.86,0,0,,0,0,26.6,16.5,209,1021.3,45,9.8,7,0,0,,Partially cloudy
2021-12-20T08:00:00,32.1,21.4,26.1,78.37,0,0,,0,0,28.4,15.8,209,1020.7,79.8,9.8,45,0.2,0,,Partially cloudy
2021-12-20T09:00:00,33.3,23.8,26.1,74.6,0,0,,0,0,25.1,13.6,210,1020.2,79.8,9.8,163,0.6,2,,Partially cloudy
2021-12-20T10:00:00,36.1,26.5,26.1,66.96,0,0,,0,0,26.3,15.8,220,1020.1,46.1,9.9,220,0.8,2,,Partially cloudy
2021-12-20T11:00:00,37.3,27.9,27,65.9,0,0,,0,0,24.6,16.8,221,1020,46.1,9.9,191,0.7,2,,Partially cloudy
2021-12-20T12:00:00,39.3,31,27.1,61.31,0,0,,0,0,25.3,14.7,229,1019.1,24.5,9.9,208,0.7,2,,Partially cloudy
2021-12-20T13:00:00,41.1,34,26.2,55.04,0,0,,0,0,22.8,12.7,247,1018.4,79.8,9.9,188,0.7,2,,Partially cloudy
2021-12-20T14:00:00,41.1,33,27.1,57.02,0,0,,0,0,24,15.8,249,1018.2,83.9,9.9,289,1,3,,Partially cloudy
2021-12-20T15:00:00,42.3,35.4,28,56.66,0,0,,0,0,,12.8,243,1018.1,81.8,9.9,184,0.7,2,,Partially cloudy
2021-12-20T16:00:00,40.1,34,27,59.21,0,0,,0,0,,9.4,260,1019,81.8,9.9,37,0.1,0,,Partially cloudy
2021-12-20T17:00:00,39,32.9,26.9,61.51,0,0,,0,0,,9,263,1020.1,81.8,9.9,8,0,0,,Partially cloudy
2021-12-20T18:00:00,37.3,32.6,26.1,63.69,0,0,,0,0,,5.9,280,1020.6,79.8,9.9,2,0,0,,Partially cloudy
2021-12-20T19:00:00,36.1,33.1,26.1,66.7,0,0,,0,0,,3.7,246,1020.7,81.8,9.9,,,,,Partially cloudy
2021-12-20T20:00:00,34.2,30,26,71.57,0,0,,0,0,,4.7,261,1020.7,48.2,9.9,,,,,Partially cloudy
2021-12-20T21:00:00,33.3,27.5,25.1,71.71,0,0,,0,0,,6.3,310,1021,45,9.8,,,,,Partially cloudy
2021-12-20T22:00:00,32.9,27.1,24.9,72.15,0,0,,0,0,,6.3,311,1020.7,45,9.8,,,,,Partially cloudy
2021-12-20T23:00:00,31.8,29,24.1,72.84,0,0,,0,0,,3.1,302,1020.6,24.5,9.8,,,,,Partially cloudy
2021-12-21T00:00:00,29.7,26.4,22.9,75.65,0,0,,0,0,,3.2,313,1020.2,24.5,9.8,,,,,Partially cloudy
2021-12-21T01:00:00,28.9,21.4,22.9,78.18,0,0,,0,0,,7.4,348,1019.7,24.5,9.7,,,,,Partially cloudy
2021-12-21T02:00:00,27.2,23.3,21,77.1,0,0,,0,0,,3.4,347,1020,0,9.9,,,,,Clear
2021-12-21T03:00:00,26.3,18.8,19.3,74.63,0,0,,0,0,,6.7,347,1020,0,9.9,,,,,Clear
2021-12-21T04:00:00,25.4,18.8,19.2,76.8,0,0,,0,0,,5.5,350,1018.7,0,9.9,,,,,Clear
2021-12-21T05:00:00,24.4,16.7,17.3,73.83,0,0,,0,0,,6.6,348,1018,0,9.9,,,,,Clear
2021-12-21T06:00:00,24.4,18.9,17.2,73.8,0,0,,0,0,,4.3,348,1017.6,24.5,9.9,,,,,Partially cloudy
2021-12-21T07:00:00,25.1,25.1,17.2,71.56,0,0,,0,0,,2.9,341,1016.6,27.7,9.9,1,0,0,,Partially cloudy
2021-12-21T08:00:00,26.9,26.9,19,71.9,0,0,,0,0,,0,0,1015.4,83.6,9.9,25,0.1,0,,Partially cloudy
2021-12-21T09:00:00,30,26.6,22.8,74.52,0,0,,0,0,,3.3,155,1014.1,31.4,9.9,135,0.5,1,,Partially cloudy
2021-12-21T10:00:00,36,28.2,27.9,72.23,0,0,,0,0,,11.1,189,1013,24.5,9.8,201,0.7,2,,Partially cloudy
2021-12-21T11:00:00,38.2,29.3,26.3,61.95,0,0,,0,0,26.4,15.8,201,1011.7,46.1,9.7,172,0.6,2,,Partially cloudy
2021-12-21T12:00:00,39.1,29.9,26.9,61.34,0,0,,0,0,29.1,17.8,229,1009.2,81.8,9.8,256,0.9,3,,Partially cloudy
2021-12-21T13:00:00,39.2,31.1,28,63.8,0,0,,0,0,27.9,14.2,229,1007.7,81.8,9.8,192,0.7,2,,Partially cloudy
2021-12-21T14:00:00,40.1,30.6,27,59.21,0,0,,0,0,31.8,20.1,238,1006.1,81.8,9.8,203,0.7,2,,Partially cloudy
2021-12-21T15:00:00,40,30.9,26.9,59.25,0,0,,0,0,31.4,18.3,249,1005.6,83.6,9.9,130,0.5,1,,Partially cloudy
2021-12-21T16:00:00,39,28.9,26,59.24,0,0,,0,0,33.2,21.2,258,1006.2,89.5,9.9,27,0.1,0,,Partially cloudy
2021-12-21T17:00:00,37.3,28.4,24.1,58.7,0,0,,0,0,32.4,14.9,277,1007.2,99.4,9.9,7,0,0,,Overcast
2021-12-21T18:00:00,35.2,23.9,21.8,57.72,0,0,,0,0,33.8,21.4,279,1007.3,55,9.9,1,0,0,,Partially cloudy
2021-12-21T19:00:00,33.3,24.3,20.8,59.79,0,0,,0,0,24.4,12.1,289,1008.2,86.3,9.9,,,,,Partially cloudy
2021-12-21T20:00:00,33.2,23.7,19.9,57.61,0,0,,0,0,24.6,13.5,289,1008.8,87.5,9.9,,,,,Partially cloudy
2021-12-21T21:00:00,31.1,20,17.9,57.74,0,0,,0,0,34.9,16.2,299,1009.3,89.5,9.9,,,,,Partially cloudy
2021-12-21T22:00:00,31,22,17,55.83,0,0,,0,0,24,10.9,301,1009.8,88.7,9.9,,,,,Partially cloudy
2021-12-21T23:00:00,29.2,17.4,14,52.7,0,0,,0,0,27.7,16.7,293,1010.5,25.7,9.9,,,,,Partially cloudy
2021-12-22T00:00:00,26.4,14.9,12,54.03,0,0,,0,0,27.7,13.7,292,1011.2,1.4,9.9,,,,,Clear
2021-12-22T01:00:00,24.4,11.5,9.3,52.01,0,0,,0,0,26.4,15.9,301,1012.4,0,9.9,,,,,Clear
2021-12-22T02:00:00,23.1,12,9.1,54.63,0,0,,0,0,26.4,11.1,310,1013,0,9.9,,,,,Clear
2021-12-22T03:00:00,22,10.4,9.1,57.04,0,0,,0,0,20.9,11.6,301,1014.1,0,9.9,,,,,Clear
2021-12-22T04:00:00,21,11.1,9,59.13,0,0,,0,0,,8.6,300,1014.7,23.1,9.9,,,,,Partially cloudy
2021-12-22T05:00:00,20.1,10.3,10.1,64.69,0,0,,0,0,,8.2,300,1015.3,27.7,9.9,,,,,Partially cloudy
2021-12-22T06:00:00,20.1,10,10.1,64.81,0,0,,0,0,,8.4,273,1016.2,0,9.9,,,,,Clear
2021-12-22T07:00:00,20,8.7,9.1,61.94,0,0,,0,0,,10.3,281,1017.1,24.5,9.9,,,,,Partially cloudy
2021-12-22T08:00:00,20.1,8,10,64.38,0,0,,0,0,21.9,11.6,282,1018.1,24.5,9.9,28,0.1,0,,Partially cloudy
2021-12-22T09:00:00,21,10.4,10,62.13,0,0,,0,0,20.8,9.5,273,1018.7,24.5,9.9,150,0.5,2,,Partially cloudy
2021-12-22T10:00:00,23,15.3,8.9,54.19,0,0,,0,0,,6.3,286,1018.8,24.5,9.9,227,0.8,2,,Partially cloudy
2021-12-22T11:00:00,25.2,16.6,8,47.43,0,0,,0,0,,8,292,1019,81.8,9.9,187,0.7,2,,Partially cloudy
2021-12-22T12:00:00,27.1,18.9,8,43.93,0,0,,0,0,,7.9,262,1018.8,89.5,9.9,241,0.9,2,,Partially cloudy
2021-12-22T13:00:00,29.1,20.7,8.1,40.63,0,0,,0,0,,9,271,1018.6,89.5,9.9,247,0.9,2,,Partially cloudy
2021-12-22T14:00:00,30.8,23.3,7.9,37.52,0,0,,0,0,,8.1,272,1018.5,99.4,9.9,175,0.6,2,,Overcast
2021-12-22T15:00:00,30.8,23.3,8,37.73,0,0,,0,0,,8.2,242,1018.4,88.7,9.9,82,0.3,1,,Partially cloudy
2021-12-22T16:00:00,30,23.2,8.8,40.43,0,0,,0,0,,7,259,1018.9,98.6,9.9,24,0.1,0,,Overcast
2021-12-22T17:00:00,30,22.4,9,40.78,0,0,,0,0,,8,231,1018.8,89.5,9.9,7,0,0,,Partially cloudy
2021-12-22T18:00:00,29,22.8,10.1,44.57,0,0,,0,0,,5.8,220,1018.7,24.5,9.9,1,0,0,,Partially cloudy
2021-12-22T19:00:00,29.1,25.4,11.8,47.95,0,0,,0,0,,3.4,180,1018.6,90.1,9.9,,,,,Overcast
2021-12-22T20:00:00,28.1,22.9,11.9,50.29,0,0,,0,0,,4.6,151,1018.5,53.9,9.9,,,,,Partially cloudy
2021-12-22T21:00:00,28,24.5,12.8,52.49,0,0,,0,0,,3.2,136,1018.6,83.9,9.9,,,,,Partially cloudy
2021-12-22T22:00:00,28.1,21.1,13.9,54.64,0,0,,0,0,,6.6,140,1018.8,86.6,9.9,,,,,Partially cloudy
2021-12-22T23:00:00,28.1,21.9,15,57.48,0,0,,0,0,,5.7,137,1018.4,85.6,9.9,,,,,Partially cloudy
2021-12-23T00:00:00,29,21.3,16,57.78,0,0,,0,0,,7.9,139,1017.5,81.8,9.9,,,,,Partially cloudy
2021-12-23T01:00:00,28.2,21,17,62.41,0,0,,0,0,,6.9,159,1017.2,51.9,9.9,,,,,Partially cloudy
2021-12-23T02:00:00,28.2,21,17.1,62.72,0,0,,0,0,,6.9,149,1017.2,89.2,9.9,,,,,Partially cloudy
2021-12-23T03:00:00,29.1,20.2,17.1,60.28,0,0,,0,0,,9.9,159,1015.6,94.4,9.9,,,,,Overcast
2021-12-23T04:00:00,30,21.7,18,60.58,0,0,,0,0,,9.1,171,1014.5,96.1,9.9,,,,,Overcast
2021-12-23T05:00:00,30.1,23.7,19.2,63.43,0,0,,0,0,,6.4,181,1014,92.3,9.9,,,,,Overcast
2021-12-23T06:00:00,31,25.1,20.9,65.7,0,0,,0,0,,6,180,1013.4,99.2,9.9,,,,,Overcast
2021-12-23T07:00:00,32,25.5,21.8,65.58,0,0,,0,0,18.3,7,171,1013,94.4,9.9,1,0,0,,Overcast
2021-12-23T08:00:00,33.2,25.7,23,65.78,0,0,,0,0,,9,170,1012.3,98.6,9.9,20,0.1,0,,Overcast
2021-12-23T09:00:00,35.1,28.5,24.2,63.97,0,0,,0,0,20.8,8.3,187,1011.8,91.7,9.9,73,0.3,1,,Overcast
2021-12-23T10:00:00,37.2,28.7,26,63.59,0,0,,0,0,25.3,13.6,188,1010.9,91.7,9.9,122,0.4,1,,Overcast
2021-12-23T11:00:00,39.9,31.6,28,62.14,0,0,,0,0,25.3,15.4,189,1009.7,92.3,9.9,170,0.6,2,,Overcast
2021-12-23T12:00:00,42.2,35.8,29.9,61.43,0,0,,0,0,17.5,11.5,217,1008.6,86.9,9.9,187,0.7,2,,Partially cloudy
2021-12-23T13:00:00,44.1,37.5,31.9,61.83,0,0,,0,0,23.1,13.6,200,1006.7,100,9.9,120,0.4,1,,Overcast
2021-12-23T14:00:00,44.2,38.4,33.1,64.75,0,0,,0,0,24.2,11.5,219,1006.5,100,9.9,95,0.3,1,,Overcast
2021-12-23T15:00:00,46.1,41.1,34.9,64.92,0,0,,0,0,,10.2,227,1006.6,100,9.9,71,0.3,1,,Overcast
2021-12-23T16:00:00,45.1,40.9,35.1,67.68,0,0,,0,0,,7.9,219,1006.8,92.3,9.9,32,0.1,0,,Overcast
2021-12-23T17:00:00,44.2,41.5,35.1,70.29,0,0,,0,0,,4.8,200,1006.9,92.3,9.9,5,0,0,,Overcast
2021-12-23T18:00:00,42.7,39.7,34.9,73.65,0,0,,0,0,,4.9,208,1007.4,81.8,9.9,1,0,0,,Partially cloudy
2021-12-23T19:00:00,41.7,39.8,34.9,76.48,0,0,,0,0,,3.5,207,1007.3,48.2,9.9,,,,,Partially cloudy
2021-12-23T20:00:00,39.6,35.6,34.1,80.32,0,0,,0,0,,5.6,199,1007.4,81.8,9.8,,,,,Partially cloudy
2021-12-23T21:00:00,37.8,37.8,33.1,82.85,0,0,,0,0,,0.4,348,1007.9,81.8,9.8,,,,,Partially cloudy
2021-12-23T22:00:00,37.7,34.3,33,82.98,0,0,,0,0,,4.4,145,1008.2,81.8,9.6,,,,,Partially cloudy
2021-12-23T23:00:00,36.7,32.3,32.6,84.99,0,0,,0,0,,5.4,205,1008.4,25.7,7.8,,,,,Partially cloudy
2021-12-24T00:00:00,36.6,32.2,32.8,85.7,0,0,,0,0,,5.4,215,1008.7,81.8,6,,,,,Partially cloudy
2021-12-24T01:00:00,35.6,33.2,31.7,85.42,0,0,,0,0,,3.2,205,1008.5,48.7,6.2,,,,,Partially cloudy
2021-12-24T02:00:00,34.6,34.6,30.5,84.69,0,0,,0,0,,0.2,12,1008.3,92.3,6.1,,,,,Overcast
2021-12-24T03:00:00,34.8,30.1,31.7,88.28,0,0,,0,0,,5.3,163,1007.7,92.3,5,,,,,Overcast
2021-12-24T04:00:00,34.9,30.2,31.9,88.44,0,0,,0,0,,5.4,163,1007.4,92.3,3.8,,,,,Overcast
2021-12-24T05:00:00,35.9,31.3,33.1,89.59,0,0,,0,0,,5.4,163,1006.9,92.3,3,,,,,Overcast
2021-12-24T06:00:00,39.1,33.5,36.2,89.06,0,0,,0,0,,8,169,1006,100,0.8,,,,,Overcast
2021-12-24T07:00:00,39.2,33.1,36.4,89.62,0,0,,0,0,,9.1,161,1005.1,99.2,2,1,0,0,,Overcast
2021-12-24T08:00:00,41.3,37.2,38.3,88.98,0,0,,0,0,,6.2,161,1004.8,94.4,3.4,14,0.1,0,,Overcast
2021-12-24T09:00:00,44.3,39.6,42.2,92.2,0,0,,0,0,24.2,8.4,171,1003.9,100,6.9,37,0.1,0,,Overcast
2021-12-24T10:00:00,47.2,41.7,43,85.38,0,0,,0,0,27.7,12.7,169,1002.6,100,9.8,78,0.3,1,,Overcast
2021-12-24T11:00:00,48.9,44.5,43.1,80.36,0,0,,0,0,24.2,10.5,172,1001.8,100,9.9,83,0.3,1,,Overcast
2021-12-24T12:00:00,50.1,50.1,44.1,79.82,0,0,,0,0,20.3,9.6,181,1000.7,100,9.9,68,0.2,1,,Overcast
2021-12-24T13:00:00,51.3,51.3,46,82.24,0,0,,0,0,26.4,12.7,180,999.1,100,9.8,61,0.2,1,,Overcast
2021-12-24T14:00:00,51.3,51.3,47.1,85.38,0,0,,0,0,21.7,12.6,180,997.7,100,8,29,0.1,0,,Overcast
2021-12-24T15:00:00,53.1,53.1,48.8,85.09,0,0,,0,0,,10.6,180,997,100,6.9,20,0.1,0,,Overcast
2021-12-24T16:00:00,54.1,54.1,49.9,85.69,0,0,,0,0,20.9,10.6,180,996.9,100,8.7,10,0,0,,Overcast
2021-12-24T17:00:00,55.2,55.2,50,82.44,0,0,,0,0,18.9,11.3,180,996.7,100,9.9,2,0,0,,Overcast
2021-12-24T18:00:00,55.2,55.2,50,82.63,0,0,,0,0,,10.2,181,996.5,100,9.9,,,,,Overcast
2021-12-24T19:00:00,56.1,56.1,51.2,83.64,0,0,,0,0,20.9,9.1,198,996.7,100,9.9,,,,,Overcast
2021-12-24T20:00:00,56.1,56.1,51.2,83.43,0,0,,0,0,,12.3,200,996.9,100,9.9,,,,,Overcast
2021-12-24T21:00:00,56.1,56.1,51.2,83.43,0,0,,0,0,,8.3,190,996.1,100,9.9,,,,,Overcast
2021-12-24T22:00:00,56.2,56.2,51.2,83.43,0,0,,0,0,,9.2,201,996.4,100,9.9,,,,,Overcast
2021-12-24T23:00:00,56.1,56.1,52.1,86.17,0,0,,0,0,,12.1,220,996.8,99.2,9.9,,,,,Overcast
2021-12-25T00:00:00,55.3,55.3,51.3,86.2,0,0,,0,0,,8,238,996.6,100,9.9,,,,,Overcast
2021-12-25T01:00:00,54.2,54.2,51.2,89.51,0,0,,0,0,,8,271,996.6,100,9.9,,,,,Overcast
2021-12-25T02:00:00,53.2,53.2,50,88.91,0.012,100,rain,0,0,,10.4,321,997.4,100,5.1,,,,,"Rain, Overcast"
2021-12-25T03:00:00,50.2,50.2,47.2,89.43,0.013,100,rain,0,0,,8.1,357,998.7,100,6.1,,,,,"Rain, Overcast"
2021-12-25T04:00:00,49,45.2,46.2,89.93,0.011,100,rain,0,0,,9,359,999.1,100,6.2,,,,,"Rain, Overcast"
2021-12-25T05:00:00,48.1,43.6,45.1,89.14,0,0,,0,0,,10.2,10,999.6,100,6.4,,,,,Overcast
2021-12-25T06:00:00,47.1,42.2,44,88.89,0,0,,0,0,19.7,10.7,353,1000.5,100,7.1,,,,,Overcast
2021-12-25T07:00:00,45.1,37.7,40.7,84.61,0.001,100,rain,0,0,,17.5,360,1001.8,100,8.3,,,,,"Rain, Overcast"
2021-12-25T08:00:00,44.2,37.6,37.2,76.32,0,0,,0,0,21.9,13.7,8,1003.3,100,9.9,14,0.1,0,,Overcast
2021-12-25T09:00:00,43.2,37.2,35.8,74.98,0,0,,0,0,,11,20,1004.6,100,9.9,34,0.1,0,,Overcast
2021-12-25T10:00:00,43.2,35.8,33.1,67.49,0,0,,0,0,,15.2,17,1005.5,99.4,9.9,114,0.4,1,,Overcast
2021-12-25T11:00:00,43.2,35.9,30.9,61.4,0,0,,0,0,20.8,15.4,37,1005.3,88.7,9.9,128,0.5,1,,Partially cloudy
2021-12-25T12:00:00,46.8,40.7,26.9,45.62,0,0,,0,0,,14.7,18,1006.1,81.8,9.9,226,0.8,2,,Partially cloudy
2021-12-25T13:00:00,47.1,41.7,21.8,36.44,0,0,,0,0,,12.3,31,1006.6,24.5,9.9,190,0.7,2,,Partially cloudy
2021-12-25T14:00:00,47.8,43.2,21.6,35.23,0,0,,0,0,,10.2,42,1007.4,24.5,9.9,247,0.9,2,,Partially cloudy
2021-12-25T15:00:00,46,41.5,22.5,39.1,0,0,,0,0,,9.1,59,1008.6,24.5,9.9,176,0.6,2,,Partially cloudy
2021-12-25T16:00:00,43.1,38.4,26.4,51.32,0,0,,0,0,,7.9,40,1009.6,24.5,9.9,55,0.2,1,,Partially cloudy
2021-12-25T17:00:00,39,34.1,28.2,64.92,0,0,,0,0,,6.6,38,1010.7,24.5,9.9,7,0,0,,Partially cloudy
2021-12-25T18:00:00,38,32.5,28.1,67.42,0,0,,0,0,,7.4,29,1011.5,0,9.9,2,0,0,,Clear
2021-12-25T19:00:00,37.8,34.6,28.1,67.54,0,0,,0,0,,4.3,44,1012.4,0,9.9,,,,,Clear
2021-12-25T20:00:00,35.9,35.9,28.1,73.04,0,0,,0,0,,0,0,1013,1.4,9.9,,,,,Clear
2021-12-25T21:00:00,35.9,35.9,28.1,73.04,0,0,,0,0,,0,0,1013.6,45,9.9,,,,,Partially cloudy
2021-12-25T22:00:00,33.9,27,28,78.75,0,0,,0,0,,8.3,352,1014.7,23.1,9.9,,,,,Partially cloudy
2021-12-25T23:00:00,33.2,30.5,27,77.74,0,0,,0,0,,3.1,11,1015,23.1,9.9,,,,,Partially cloudy
2021-12-26T00:00:00,32.1,32.1,26.2,78.8,0,0,,0,0,,0.2,3,1015,0,9.9,,,,,Clear
2021-12-26T01:00:00,31.9,31.9,26.1,78.98,0,0,,0,0,,0,0,1015.2,0,9.9,,,,,Clear
2021-12-26T02:00:00,29.9,26.8,25.2,82.24,0,0,,0,0,,3.1,284,1016.2,0,9.9,,,,,Clear
2021-12-26T03:00:00,30.6,30.6,24.3,77.17,0,0,,0,0,,0.2,358,1017,0,9.8,,,,,Clear
2021-12-26T04:00:00,29,29,24.3,82.26,0,0,,0,0,,2.9,341,1017.2,0,9.8,,,,,Clear
2021-12-26T05:00:00,28.3,28.3,23.2,81.05,0,0,,0,0,,0,0,1017.4,0,9.9,,,,,Clear
2021-12-26T06:00:00,29,25.7,24.1,81.94,0,0,,0,0,,3.1,359,1017.8,0,9.9,,,,,Clear
2021-12-26T07:00:00,28.9,28.9,23.1,78.61,0,0,,0,0,,0,0,1018.3,1.4,9.9,2,0,0,,Clear
2021-12-26T08:00:00,29,29,25.1,85.2,0,0,,0,0,,0.2,350,1018.6,25.7,9.9,24,0.1,0,,Partially cloudy
2021-12-26T09:00:00,33.9,33.9,28.8,81.38,0,0,,0,0,,0,0,1019.7,50,8.9,143,0.5,1,,Partially cloudy
2021-12-26T10:00:00,39.6,36.7,32.9,76.69,0,0,,0,0,,4.1,103,1020.2,88.7,9.9,150,0.5,2,,Partially cloudy
2021-12-26T11:00:00,41,36.5,33.2,73.39,0,0,,0,0,,6.8,107,1020.4,88.7,9.9,148,0.5,1,,Partially cloudy
2021-12-26T12:00:00,42.9,36.9,32.9,67.6,0,0,,0,0,,11,70,1020,89.5,9.9,273,1,3,,Partially cloudy
2021-12-26T13:00:00,42.1,35.3,30.8,64.02,0,0,,0,0,,12.5,72,1019.1,89.5,9.9,214,0.8,2,,Partially cloudy
2021-12-26T14:00:00,40,32.7,30,67.03,0,0,,0,0,21.9,12.6,69,1018.7,89.5,9.9,155,0.6,2,,Partially cloudy
2021-12-26T15:00:00,38.9,31.2,29.9,69.73,0,0,,0,0,19.7,12.8,78,1018.4,88.7,9.9,108,0.4,1,,Partially cloudy
2021-12-26T16:00:00,37.2,28.1,29,72.01,0,0,,0,0,21.8,15.5,79,1018.6,90.1,9.9,23,0.1,0,,Overcast
2021-12-26T17:00:00,36.2,28.8,29,74.8,0,0,,0,0,23,10.3,80,1018.3,94.4,9.9,7,0,0,,Overcast
2021-12-26T18:00:00,37.2,30.1,28.2,69.53,0,0,,0,0,,10.2,79,1017.5,96.1,9.9,1,0,0,,Overcast
2021-12-26T19:00:00,38.1,30.7,29.9,72.1,0,0,,0,0,20.8,11.4,82,1015.7,99.2,9.9,,,,,Overcast
2021-12-26T20:00:00,39,30.9,29.1,67.19,0,0,,0,0,23.1,14,91,1014.1,100,9.9,,,,,Overcast
2021-12-26T21:00:00,39,28.9,29.9,69.6,0,0,,0,0,29.2,21,109,1012.8,100,9.9,,,,,Overcast
2021-12-26T22:00:00,39.1,31.4,30.7,71.69,0,0,,0,0,33.8,13,99,1012.1,100,9.9,,,,,Overcast
2021-12-26T23:00:00,37.4,27.6,32,80.68,0.037,100,rain,0,0,28.8,17.9,100,1008.1,100,6.9,,,,,"Rain, Overcast"
2021-12-27T00:00:00,37.3,28.2,33.1,84.7,0.204,100,rain,0,0,31.8,15.6,101,1007.1,100,1.6,,,,,"Rain, Overcast"
2021-12-27T01:00:00,37.2,28.7,34.1,88.17,0.15,100,rain,0,0,18.3,13.8,89,1006.9,100,3.7,,,,,"Rain, Overcast"
2021-12-27T02:00:00,37.3,28.3,34.2,88.63,0.113,100,rain,0,0,21.9,15.2,88,1005,100,3.2,,,,,"Rain, Overcast"
2021-12-27T03:00:00,38.2,29.7,35.2,88.89,0.118,100,rain,0,0,24.2,14.6,78,1004.6,100,3.8,,,,,"Rain, Overcast"
2021-12-27T04:00:00,38.2,29.3,35.3,89.11,0.035,100,rain,0,0,22.1,15.7,80,1004.2,100,3.2,,,,,"Rain, Overcast"
2021-12-27T05:00:00,38.3,29.5,35.3,88.9,0.011,100,rain,0,0,22,15.4,100,1002.7,100,3.3,,,,,"Rain, Overcast"
2021-12-27T06:00:00,39,35.3,36.2,89.42,0.007,100,rain,0,0,,5,101,1003.5,100,3.2,,,,,"Rain, Overcast"
2021-12-27T07:00:00,39.1,34.8,36.3,89.42,0,0,,0,0,,5.9,64,1002.9,100,3.2,,,,,Overcast
2021-12-27T08:00:00,39.9,37.7,37.2,90.17,0,0,,0,0,,3.5,81,1002.8,100,1.3,9,0,0,,Overcast
2021-12-27T09:00:00,40,40,38.2,93.04,0,0,,0,0,,2.9,149,1002.8,100,0.6,30,0.1,0,,Overcast
2021-12-27T10:00:00,41.2,41.2,39,92.1,0,0,,0,0,,0.6,339,1003.5,100,0.6,58,0.2,1,,Overcast
2021-12-27T11:00:00,42.3,39.5,40.9,94.75,0,0,,0,0,,4.6,250,1003.8,100,2.4,109,0.4,1,,Overcast
2021-12-27T12:00:00,44.3,39.7,43,95.27,0,0,,0,0,,8.1,251,1003.6,100,3.9,130,0.5,1,,Overcast
2021-12-27T13:00:00,46.2,40.9,43,88.46,0,0,,0,0,,11.2,271,1003.8,100,7.9,79,0.3,1,,Overcast
2021-12-27T14:00:00,45.2,38.7,40.9,84.77,0,0,,0,0,27.7,14.1,271,1004.5,100,9.9,46,0.2,0,,Overcast
2021-12-27T15:00:00,43.3,35.9,37.1,78.55,0,0,,0,0,30.5,15.7,271,1005.8,100,9.9,103,0.4,1,,Overcast
2021-12-27T16:00:00,42.3,34.6,35.1,75.48,0,0,,0,0,23.4,15.7,270,1007,82.3,9.9,40,0.1,0,,Partially cloudy
2021-12-27T17:00:00,40,32.6,33.1,75.98,0,0,,0,0,23.4,12.9,260,1008.3,81.8,9.9,9,0,0,,Partially cloudy
2021-12-27T18:00:00,38.3,29.4,30.8,73.97,0,0,,0,0,24.2,15.9,271,1009.4,81.8,9.9,1,0,0,,Partially cloudy
2021-12-27T19:00:00,37.3,29.1,29,71.74,0,0,,0,0,23.5,12.8,261,1010.3,25.7,9.9,,,,,Partially cloudy
2021-12-27T20:00:00,35.3,28,28.1,74.63,0,0,,0,0,18.3,9.6,252,1010.6,81.8,9.9,,,,,Partially cloudy
2021-12-27T21:00:00,34.2,27,27,74.49,0,0,,0,0,,9.1,251,1011.1,81.8,9.9,,,,,Partially cloudy
2021-12-27T22:00:00,33.3,27,26.1,74.36,0,0,,0,0,,7.2,260,1011.6,92.3,9.9,,,,,Overcast
2021-12-27T23:00:00,33.3,25.3,25.1,71.56,0,0,,0,0,,10,241,1011.8,92.3,9.9,,,,,Overcast
2021-12-28T00:00:00,32.2,24.4,23.1,68.82,0,0,,0,0,,9.1,248,1012.5,92.3,9.9,,,,,Overcast
2021-12-28T01:00:00,32.1,24.8,23.9,71.55,0,0,,0,0,,8.2,261,1013.1,92.3,9.9,,,,,Overcast
2021-12-28T02:00:00,32.1,27.1,23,68.76,0,0,,0,0,,5.1,282,1013.1,92.3,9.9,,,,,Overcast
2021-12-28T03:00:00,31.1,24.6,22,68.64,0,0,,0,0,,6.7,316,1012.6,92.3,9.9,,,,,Overcast
2021-12-28T04:00:00,30.2,22.9,21.9,70.85,0,0,,0,0,,7.6,337,1012.2,92.3,9.9,,,,,Overcast
2021-12-28T05:00:00,31,25.2,21.8,68.25,0,0,,0,0,,5.8,47,1011.4,99.2,9.9,,,,,Overcast
2021-12-28T06:00:00,31,26.2,22.9,71.54,0,0,,0,0,,4.7,129,1012,99.2,9.9,,,,,Overcast
2021-12-28T07:00:00,32.1,27.3,23.1,69.05,0,0,,0,0,,4.8,82,1011.4,100,9.9,,,,,Overcast
2021-12-28T08:00:00,34.2,28.8,25.1,69.14,0,0,,0,0,,6,95,1010.3,100,9.9,8,0,0,,Overcast
2021-12-28T09:00:00,35.3,28.1,27.1,71.8,0,0,,0.05,0.05,,9.4,59,1009.1,100,9.9,16,0.1,0,,Overcast
2021-12-28T10:00:00,37.2,33,29,72.01,0,0,,0.05,0.1,,5.2,116,1009.6,100,9.9,22,0.1,0,,Overcast
2021-12-28T11:00:00,35.5,27.9,30.6,82.34,0.003,100,"rain,snow",0.05,0.15,,10.2,91,1008.1,100,4,25,0.1,0,,"Snow, Rain, Overcast"
2021-12-28T12:00:00,35.1,27.9,31.2,85.57,0.014,100,"rain,snow",0.05,0.2,,9.3,102,1007.8,100,1,19,0.1,0,,"Snow, Rain, Overcast"
2021-12-28T13:00:00,33.3,26.4,30.2,88.29,0.073,100,"rain,snow",0.05,0.25,,8.1,91,1005.3,100,0,20,0.1,0,,"Snow, Rain, Overcast"
2021-12-28T14:00:00,34.1,26.9,31,88.15,0.077,100,"rain,snow",0.05,0.3,,9,80,1002.5,100,0.7,25,0.1,0,,"Snow, Rain, Overcast"
2021-12-28T15:00:00,34.2,27.6,31,87.93,0.082,100,"rain,snow",0.05,0.34,,7.9,79,1002.1,100,1.4,24,0.1,0,,"Snow, Rain, Overcast"
2021-12-28T16:00:00,34.3,28.4,31.1,88.04,0.065,100,"rain,snow",0.05,0.39,,6.8,63,1003.1,100,1.9,14,0.1,0,,"Snow, Rain, Overcast"
2021-12-28T17:00:00,35.3,30.2,31.2,85.13,0.024,100,"rain,snow",0.05,0.44,,5.9,73,1003.2,100,2.6,1,0,0,,"Snow, Rain, Overcast"
2021-12-28T18:00:00,35.4,29.7,32.3,88.45,0.012,100,"rain,snow",0.05,0.49,,6.7,91,1003.4,100,2.6,1,0,0,,"Snow, Rain, Overcast"
2021-12-28T19:00:00,36.2,31.4,33.4,89.55,0.007,100,rain,0.05,0.54,,5.8,99,1003.9,100,1.9,,,,,"Rain, Overcast"
2021-12-28T20:00:00,36.2,31.6,33.4,89.55,0,0,,0.05,0.59,,5.5,91,1004.1,100,2,,,,,Overcast
2021-12-28T21:00:00,36.1,32.5,34.1,92.45,0,0,,0.05,0.64,,4.3,153,1004.1,100,1.3,,,,,Overcast
2021-12-28T22:00:00,36.1,36.1,33.4,89.69,0,0,,0.05,0.69,,2.9,149,1004.4,100,0.7,,,,,Overcast
2021-12-28T23:00:00,36.1,33.5,33.4,90.03,0,0,,0.05,0.74,,3.4,190,1004.8,100,0.7,,,,,Overcast
2021-12-29T00:00:00,35.3,32.3,33.4,92.87,0,0,,0.05,0.79,,3.6,209,1005.5,100,0.7,,,,,Overcast
2021-12-29T01:00:00,35.3,30.4,33.3,92.4,0,0,,0.05,0.84,,5.6,220,1006,100,0.9,,,,,Overcast
2021-12-29T02:00:00,36.1,31.3,33.3,89.59,0,0,,0.05,0.89,,5.7,266,1007,100,1.5,,,,,Overcast
2021-12-29T03:00:00,36.2,31.3,33.3,89.27,0,0,,0.05,0.94,,5.9,262,1008.3,100,7.9,,,,,Overcast
2021-12-29T04:00:00,35.4,30.4,32.1,87.69,0,0,,0.05,0.98,,5.9,290,1008.1,100,9.9,,,,,Overcast
2021-12-29T05:00:00,35.3,29.6,31,84.26,0,0,,0.05,1.03,,6.8,280,1008.9,86.2,9.8,,,,,Partially cloudy
2021-12-29T06:00:00,35.3,29.6,30.8,83.67,0,0,,0.05,1.08,,6.7,288,1010,99.4,9.9,,,,,Overcast
2021-12-29T07:00:00,35.3,28.3,29.8,80.39,0,0,,0.05,1.13,,8.9,263,1010.9,100,9.9,1,0,0,,Overcast
2021-12-29T08:00:00,34.3,27.4,28.1,77.77,0,0,,0.05,1.18,,8.4,281,1012.1,100,9.9,15,0.1,0,,Overcast
2021-12-29T09:00:00,33.3,25.2,26.9,77.05,0,0,,0,0.41,,10.3,272,1013.1,100,9.9,28,0.1,0,,Overcast
2021-12-29T10:00:00,33.3,25.9,26,74.15,0,0,,0,0.4,,9,272,1014.2,82.3,9.9,124,0.4,1,,Partially cloudy
2021-12-29T11:00:00,33.4,26.4,25.1,71.29,0,0,,0,0.39,23,8.1,301,1014.5,81.8,9.9,137,0.5,1,,Partially cloudy
2021-12-29T12:00:00,34.2,28.2,24.1,66.17,0,0,,0,0.39,,7,312,1013.9,81.8,9.9,198,0.7,2,,Partially cloudy
2021-12-29T13:00:00,35.2,28.7,22.9,60.51,0,0,,0,0.38,,8,338,1013.5,81.8,9.9,214,0.8,2,,Partially cloudy
2021-12-29T14:00:00,34.3,27.1,21.9,60.05,0,0,,0,0.37,,9,6,1013.9,85.6,9.9,145,0.5,1,,Partially cloudy
2021-12-29T15:00:00,34.3,26.4,19.8,54.99,0,0,,0,0.37,,10.3,353,1013.9,88.7,9.9,104,0.4,1,,Partially cloudy
2021-12-29T16:00:00,33.3,24.4,16.1,48.84,0,0,,0,0.36,,12.2,20,1014.2,99.2,9.9,27,0.1,0,,Overcast
2021-12-29T17:00:00,33.3,25.9,17.2,51.2,0,0,,0,0.35,,8.9,31,1015.3,100,9.9,1,0,0,,Overcast
2021-12-29T18:00:00,32.2,23.4,19.8,59.95,0,0,,0,0.35,,11.2,20,1014.7,100,9.9,18,0.1,0,,Overcast
2021-12-29T19:00:00,31.1,23.7,19.2,61.03,0,0,,0,0.34,,8.1,351,1015.1,100,9.9,,,,,Overcast
2021-12-29T20:00:00,31.2,22.6,20,62.76,0,0,,0,0.33,,10.3,1,1015,100,9.9,,,,,Overcast
2021-12-29T21:00:00,31.2,25.1,20.8,64.85,0,0,,0,0.33,,6.4,353,1015.2,100,9.9,,,,,Overcast
2021-12-29T22:00:00,31.1,24.6,20.8,65.25,0,0,,0,0.32,,6.8,334,1015.8,100,9.9,,,,,Overcast
2021-12-29T23:00:00,28.3,22,24.3,84.78,0.019,100,snow,0,0.31,,5.8,32,1014.9,100,1.1,,,,,"Snow, Overcast"
2021-12-30T00:00:00,29.2,21.5,24.5,82.3,0.002,100,"rain,snow",0,0.31,,8,22,1014.5,100,5.8,,,,,"Snow, Rain, Overcast"
2021-12-30T01:00:00,30,25.2,25.3,82.35,0,0,,0,0.3,,4.5,30,1013.7,100,6.3,,,,,Overcast
2021-12-30T02:00:00,30.9,25.1,27,85.52,0,0,,0,0.3,,5.8,19,1013.7,100,7.8,,,,,Overcast
2021-12-30T03:00:00,31,26.1,27.1,85.26,0,0,,0,0.29,,4.8,355,1013.9,100,9.7,,,,,Overcast
2021-12-30T04:00:00,30.1,22.6,26.2,85.02,0,0,,0,0.28,,7.9,3,1013.6,100,3.2,,,,,Overcast
2021-12-30T05:00:00,29.3,24.2,26.1,87.36,0,0,,0,0.28,,4.8,13,1013.5,100,6.2,,,,,Overcast
2021-12-30T06:00:00,29.4,21.2,25,83.33,0,0,,0,0.27,,8.8,3,1013.7,100,8.2,,,,,Overcast
2021-12-30T07:00:00,29.3,22.5,24.1,80.57,0,0,,0,0.26,,6.7,30,1013.5,100,8.9,1,0,0,,Overcast
2021-12-30T08:00:00,29,22.2,23.9,80.71,0,0,,0.13,0.39,,6.7,22,1013.2,99.2,9.8,23,0.1,0,,Overcast
2021-12-30T09:00:00,30.1,25.1,23.9,77.3,0,0,,0,0.38,,4.8,354,1013.8,100,9.8,65,0.2,1,,Overcast
2021-12-30T10:00:00,31.1,26.3,24.9,77.31,0,0,,0,0.36,,4.8,345,1013.6,100,9.8,81,0.3,1,,Overcast
2021-12-30T11:00:00,32.4,29.5,25.2,74.58,0,0,,0,0.34,,3.2,14,1012.6,100,9.8,106,0.4,1,,Overcast
2021-12-30T12:00:00,34.3,31.6,27.1,74.53,0,0,,0,0.33,,3.2,9,1011.8,100,9.9,123,0.4,1,,Overcast
2021-12-30T13:00:00,36.1,36.1,28.2,72.82,0,0,,0,0.31,,0.2,13,1010.4,100,9.8,150,0.5,2,,Overcast
2021-12-30T14:00:00,37.2,33.2,29,71.93,0,0,,0,0.3,,4.9,172,1010,100,9.8,84,0.3,1,,Overcast
2021-12-30T15:00:00,36.2,33.7,29.8,77.44,0,0,,0,0.28,,3.3,139,1009.6,100,8.2,39,0.1,0,,Overcast
2021-12-30T16:00:00,36.2,31.4,29.9,77.81,0,0,,0,0.26,,5.7,176,1009.9,100,6.3,10,0,0,,Overcast
2021-12-30T17:00:00,36.2,31.3,30,78.17,0,0,,0,0.25,,5.9,185,1009.5,100,6.1,1,0,0,,Overcast
2021-12-30T18:00:00,35.3,30.2,31,83.95,0,0,,0,0.23,,6,188,1009.8,100,5,,,,,Overcast
2021-12-30T19:00:00,35.4,31.1,32.1,87.87,0,0,,0,0.21,,4.9,181,1009.9,100,3.8,,,,,Overcast
2021-12-30T20:00:00,36.1,32.2,33.3,89.18,0,0,,0,0.2,,4.7,191,1009.9,100,3.6,,,,,Overcast
2021-12-30T21:00:00,36.1,33.2,33.3,89.18,0,0,,0,0.18,,3.6,220,1009.5,100,3.7,,,,,Overcast
2021-12-30T22:00:00,36.1,31.9,32.2,85.32,0,0,,0,0.16,,5,238,1009.4,100,4.9,,,,,Overcast
2021-12-30T23:00:00,36.1,32.1,32.1,85.16,0,0,,0,0.15,,4.9,223,1009,100,6.2,,,,,Overcast
2021-12-31T00:00:00,36.1,28.7,30.9,81.29,0,0,,0,0.13,23,10.3,259,1009.8,100,9.7,,,,,Overcast
2021-12-31T01:00:00,35.3,27.7,29.1,78.16,0,0,,0,0.11,21.9,10.2,243,1009.5,100,9.9,,,,,Overcast
2021-12-31T02:00:00,35.2,27.7,29.1,78.15,0,0,,0,0.1,,10,243,1010,100,9.9,,,,,Overcast
2021-12-31T03:00:00,34.3,27.7,28.2,78.28,0,0,,0,0.08,,8,272,1009.8,100,9.9,,,,,Overcast
2021-12-31T04:00:00,34.2,26.6,28.2,78.52,0,0,,0,0.07,,9.9,262,1009.8,100,9.8,,,,,Overcast
2021-12-31T05:00:00,34.2,30.9,28.2,78.48,0,0,,0,0.05,,3.7,274,1009.9,100,9.8,,,,,Overcast
2021-12-31T06:00:00,33.3,30.5,28.1,80.98,0,0,,0,0.03,,3.3,332,1009.5,99.4,9.9,,,,,Overcast
2021-12-31T07:00:00,33.3,33.3,28.1,81,0,0,,0,0.02,,0,0,1009.6,100,9.9,1,0,0,,Overcast
2021-12-31T08:00:00,33.3,30.1,28.1,81.2,0,0,,0,0,,3.5,138,1009.7,89.5,8.7,17,0.1,0,,Partially cloudy
2021-12-31T09:00:00,34.2,29,28.2,78.29,0,0,,0,0,,5.8,128,1009.5,100,8.6,65,0.2,1,,Overcast
2021-12-31T10:00:00,36.2,32.2,29.1,75.28,0,0,,0,0,,4.8,101,1009,99.4,8.6,125,0.5,1,,Overcast
2021-12-31T11:00:00,39,32.4,30.9,72.53,0,0,,0,0,,9.9,116,1007.4,89.5,8,186,0.7,2,,Partially cloudy
2021-12-31T12:00:00,41,35.8,33.1,73.38,0,0,,0,0,,8,116,1006.5,100,7,163,0.6,2,,Overcast
2021-12-31T13:00:00,41.1,36,34.2,76.24,0,0,,0,0,,7.9,110,1005.8,100,6.2,69,0.2,1,,Overcast
2021-12-31T14:00:00,41,34.8,36,82.38,0,0,,0,0,,10.1,97,1003.5,100,4.9,83,0.3,1,,Overcast
2021-12-31T15:00:00,41,36.9,37.2,86.18,0,0,,0,0,,6.1,81,1003,100,3,33,0.1,0,,Overcast
2021-12-31T16:00:00,42.2,39.3,38.2,85.51,0,0,,0,0,,4.7,77,1003.3,100,1.9,8,0,0,,Overcast
2021-12-31T17:00:00,41.3,35.3,38.2,88.74,0,0,,0,0,,9.9,24,1003.1,100,1.3,1,0,0,,Overcast
2021-12-31T18:00:00,42.2,36.8,39,88.35,0,0,,0,0,,9,30,1003.9,100,1.5,1,0,0,,Overcast
2021-12-31T19:00:00,41.1,34.7,38.2,89.12,0,0,,0,0,18.3,10.8,39,1004.1,100,2.1,,,,,Overcast
2021-12-31T20:00:00,41.2,35.5,38.1,88.81,0,0,,0,0,,9,21,1004.5,100,2.1,,,,,Overcast
2021-12-31T21:00:00,40,32.1,38.1,92.76,0,0,,0,0,,14.4,20,1004.9,100,1.5,,,,,Overcast
2021-12-31T22:00:00,40,33.2,37.3,89.79,0,0,,0,0,20.8,11.3,19,1005.8,100,1.4,,,,,Overcast
2021-12-31T23:00:00,39.1,31.5,36.2,89.37,0,0,,0,0,,12.5,27,1006,100,2.6,,,,,Overcast
